SUID,BEND_MAP_ID,Gene_A,Gene_B,interaction,name,Name_A,Name_B,SCORE,selected,shared interaction,shared name,source,source_original,target,target_original,TYPE
3931,1129355,GO:0016126,ath00100,Direct,,GO:0016126,ath00100,0.906949352,FALSE,Direct,,136,,66,,Direct
3932,1129327,GO:0016126,GO:1901615,Direct,,GO:0016126,GO:1901615,0.741830065,FALSE,Direct,,136,,70,,Direct
3933,1129140,GO:0042254,ath03010,Direct,,GO:0042254,ath03010,0.358964451,FALSE,Direct,,135,,121,,Direct
3934,1129139,GO:0042254,GO:0042273,Direct,,GO:0042254,GO:0042273,0.383347788,FALSE,Direct,,135,,81,,Direct
3935,1128774,GO:0010043,ath00710,Direct,,GO:0010043,ath00710,0.348645465,FALSE,Direct,,134,,92,,Direct
3936,1129172,GO:0009266,GO:0009408,Direct,,GO:0009266,GO:0009408,0.623450906,FALSE,Direct,,133,,82,,Direct
3937,1129018,GO:0010038,GO:0046686,Direct,,GO:0010038,GO:0046686,0.919107106,FALSE,Direct,,132,,10,,Direct
3938,1129187,GO:1902531,ath04016,Direct,,GO:1902531,ath04016,0.558659218,FALSE,Direct,,131,,83,,Direct
3939,1129173,GO:1902531,GO:1902532,Direct,,GO:1902531,GO:1902532,0.660944206,FALSE,Direct,,131,,89,,Direct
3940,1128925,GO:0045898,GO:0071824,Direct,,GO:0045898,GO:0071824,0.751520235,FALSE,Direct,,130,,21,,Direct
3941,1128924,GO:0045898,GO:0051123,Direct,,GO:0045898,GO:0051123,1,FALSE,Direct,,130,,20,,Direct
3942,1128922,GO:0045898,ath03050,Direct,,GO:0045898,ath03050,0.400722456,FALSE,Direct,,130,,119,,Direct
3943,1128921,GO:0045898,GO:0060261,Direct,,GO:0045898,GO:0060261,1,FALSE,Direct,,130,,15,,Direct
3944,1128920,GO:0045898,GO:0060260,Direct,,GO:0045898,GO:0060260,1,FALSE,Direct,,130,,14,,Direct
3945,1128919,GO:0045898,GO:2000142,Direct,,GO:0045898,GO:2000142,1,FALSE,Direct,,130,,17,,Direct
3946,1128918,GO:0045898,GO:0065004,Direct,,GO:0045898,GO:0065004,0.751520235,FALSE,Direct,,130,,18,,Direct
3947,1128917,GO:0045898,GO:0045899,Direct,,GO:0045898,GO:0045899,1,FALSE,Direct,,130,,13,,Direct
3948,1128805,GO:0045898,GO:2000144,Direct,,GO:0045898,GO:2000144,1,FALSE,Direct,,130,,16,,Direct
3949,1128938,GO:0009846,GO:0009856,Direct,,GO:0009846,GO:0009856,0.695919938,FALSE,Direct,,129,,101,,Direct
3950,1128936,GO:0009846,GO:0046838,Direct,,GO:0009846,GO:0046838,0.591731266,FALSE,Direct,,129,,55,,Direct
3951,1128935,GO:0009846,GO:0046164,Direct,,GO:0009846,GO:0046164,0.591731266,FALSE,Direct,,129,,60,,Direct
3952,1128934,GO:0009846,GO:0046839,Direct,,GO:0009846,GO:0046839,0.534746761,FALSE,Direct,,129,,127,,Direct
3953,1128933,GO:0009846,GO:0071545,Direct,,GO:0009846,GO:0071545,0.591731266,FALSE,Direct,,129,,54,,Direct
3954,1128932,GO:0009846,GO:1901615,Direct,,GO:0009846,GO:1901615,0.354575163,FALSE,Direct,,129,,70,,Direct
3955,1128931,GO:0009846,GO:0046856,Direct,,GO:0009846,GO:0046856,0.534746761,FALSE,Direct,,129,,52,,Direct
3956,1128930,GO:0009846,GO:0043647,Direct,,GO:0009846,GO:0043647,0.591731266,FALSE,Direct,,129,,59,,Direct
3957,1128929,GO:0009846,GO:0044706,Direct,,GO:0009846,GO:0044706,0.695919938,FALSE,Direct,,129,,102,,Direct
3958,1128928,GO:0009846,GO:0046174,Direct,,GO:0009846,GO:0046174,0.591731266,FALSE,Direct,,129,,57,,Direct
3959,1128927,GO:0009846,GO:0046855,Direct,,GO:0009846,GO:0046855,0.591731266,FALSE,Direct,,129,,53,,Direct
3960,1128879,GO:0009846,GO:0030258,Direct,,GO:0009846,GO:0030258,0.446446446,FALSE,Direct,,129,,58,,Direct
3961,1128736,GO:0009846,GO:0046434,Direct,,GO:0009846,GO:0046434,0.411545624,FALSE,Direct,,129,,56,,Direct
3962,1129410,GO:0045332,GO:0048194,Direct,,GO:0045332,GO:0048194,0.795689655,FALSE,Direct,,128,,38,,Direct
3963,1129386,GO:0045332,GO:0097035,Direct,,GO:0045332,GO:0097035,1,FALSE,Direct,,128,,36,,Direct
3964,1128772,GO:0045332,GO:0061024,Direct,,GO:0045332,GO:0061024,0.706319703,FALSE,Direct,,128,,42,,Direct
3965,1129333,GO:0046839,GO:0071545,Direct,,GO:0046839,GO:0071545,0.886765409,FALSE,Direct,,127,,54,,Direct
3966,1129326,GO:0046839,GO:1901615,Direct,,GO:0046839,GO:1901615,0.519826339,FALSE,Direct,,127,,70,,Direct
3967,1129145,GO:0046839,GO:0046856,Direct,,GO:0046839,GO:0046856,1,FALSE,Direct,,127,,52,,Direct
3968,1129064,GO:0046839,GO:0071322,Direct,,GO:0046839,GO:0071322,0.316510454,FALSE,Direct,,127,,48,,Direct
3969,1128956,GO:0046839,GO:0046855,Direct,,GO:0046839,GO:0046855,0.886765409,FALSE,Direct,,127,,53,,Direct
3970,1129299,GO:0007017,GO:0007049,Direct,,GO:0007017,GO:0007049,0.33277027,FALSE,Direct,,126,,61,,Direct
3971,1129277,GO:0007017,ath04145,Direct,,GO:0007017,ath04145,0.310043668,FALSE,Direct,,126,,62,,Direct
3972,1128785,GO:0009292,ath00270,Direct,,GO:0009292,ath00270,0.316510454,FALSE,Direct,,125,,79,,Direct
3973,1128783,GO:0009292,GO:0044764,Direct,,GO:0009292,GO:0044764,1,FALSE,Direct,,125,,72,,Direct
3974,1128782,GO:0009292,GO:0044728,Direct,,GO:0009292,GO:0044728,0.348645465,FALSE,Direct,,125,,76,,Direct
3975,1128781,GO:0009292,GO:0090116,Direct,,GO:0009292,GO:0090116,0.491961415,FALSE,Direct,,125,,73,,Direct
3976,1128780,GO:0009292,GO:0010424,Direct,,GO:0009292,GO:0010424,0.491961415,FALSE,Direct,,125,,78,,Direct
3977,1128776,GO:0009292,GO:0009294,Direct,,GO:0009292,GO:0009294,1,FALSE,Direct,,125,,71,,Direct
3978,1129198,GO:0051276,GO:0071103,Direct,,GO:0051276,GO:0071103,0.441367118,FALSE,Direct,,124,,107,,Direct
3979,1129290,GO:0031497,GO:0071824,Direct,,GO:0031497,GO:0071824,0.426982592,FALSE,Direct,,123,,21,,Direct
3980,1129256,GO:0031497,GO:0071103,Direct,,GO:0031497,GO:0071103,0.829127614,FALSE,Direct,,123,,107,,Direct
3981,1129247,GO:0031497,GO:0034728,Direct,,GO:0031497,GO:0034728,0.886765409,FALSE,Direct,,123,,112,,Direct
3982,1129200,GO:0031497,GO:0051276,Direct,,GO:0031497,GO:0051276,0.334061817,FALSE,Direct,,123,,124,,Direct
3983,1128995,GO:0031497,GO:0065004,Direct,,GO:0031497,GO:0065004,0.426982592,FALSE,Direct,,123,,18,,Direct
3984,1129169,GO:0009756,GO:0010182,Direct,,GO:0009756,GO:0010182,1,FALSE,Direct,,122,,47,,Direct
3985,1129168,GO:0009756,GO:0046838,Direct,,GO:0009756,GO:0046838,0.349666797,FALSE,Direct,,122,,55,,Direct
3986,1129167,GO:0009756,GO:0046164,Direct,,GO:0009756,GO:0046164,0.349666797,FALSE,Direct,,122,,60,,Direct
3987,1129166,GO:0009756,GO:0046839,Direct,,GO:0009756,GO:0046839,0.316510454,FALSE,Direct,,122,,127,,Direct
3988,1129165,GO:0009756,GO:0071545,Direct,,GO:0009756,GO:0071545,0.349666797,FALSE,Direct,,122,,54,,Direct
3989,1129142,GO:0009756,GO:0046856,Direct,,GO:0009756,GO:0046856,0.316510454,FALSE,Direct,,122,,52,,Direct
3990,1129121,GO:0009756,GO:0043647,Direct,,GO:0009756,GO:0043647,0.349666797,FALSE,Direct,,122,,59,,Direct
3991,1129062,GO:0009756,GO:0071322,Direct,,GO:0009756,GO:0071322,1,FALSE,Direct,,122,,48,,Direct
3992,1128977,GO:0009756,GO:0046174,Direct,,GO:0009756,GO:0046174,0.349666797,FALSE,Direct,,122,,57,,Direct
3993,1128953,GO:0009756,GO:0046855,Direct,,GO:0009756,GO:0046855,0.349666797,FALSE,Direct,,122,,53,,Direct
3994,1129284,ath04141,ath_M00072,Direct,,ath04141,ath_M00072,0.429465575,FALSE,Direct,,120,,44,,Direct
3995,1129416,GO:0006259,GO:0006310,Direct,,GO:0006259,GO:0006310,0.441367118,FALSE,Direct,,118,,111,,Direct
3996,1129403,GO:0006259,GO:0006325,Direct,,GO:0006259,GO:0006325,0.440094499,FALSE,Direct,,118,,22,,Direct
3997,1129368,GO:0006259,GO:0006974,Direct,,GO:0006259,GO:0006974,0.749265311,FALSE,Direct,,118,,28,,Direct
3998,1129275,GO:0006259,GO:0044728,Direct,,GO:0006259,GO:0044728,0.389267849,FALSE,Direct,,118,,76,,Direct
3999,1129265,GO:0006259,GO:0071103,Direct,,GO:0006259,GO:0071103,0.301708898,FALSE,Direct,,118,,107,,Direct
4000,1129208,GO:0006259,GO:0051276,Direct,,GO:0006259,GO:0051276,0.566639577,FALSE,Direct,,118,,124,,Direct
4001,1129089,GO:0006259,ath03420,Direct,,GO:0006259,ath03420,0.389267849,FALSE,Direct,,118,,30,,Direct
4002,1128971,GO:0006259,GO:0006281,Direct,,GO:0006259,GO:0006281,0.772005772,FALSE,Direct,,118,,29,,Direct
4003,1128915,GO:0006259,GO:0006260,Direct,,GO:0006259,GO:0006260,0.441367118,FALSE,Direct,,118,,31,,Direct
4004,1128898,GO:0006259,GO:0040029,Direct,,GO:0006259,GO:0040029,0.32386904,FALSE,Direct,,118,,25,,Direct
4005,1128869,GO:0006259,GO:0006302,Direct,,GO:0006259,GO:0006302,0.334061817,FALSE,Direct,,118,,113,,Direct
4006,1128854,GO:0006259,GO:0006304,Direct,,GO:0006259,GO:0006304,0.389267849,FALSE,Direct,,118,,77,,Direct
4007,1128842,GO:0006259,GO:0006305,Direct,,GO:0006259,GO:0006305,0.389267849,FALSE,Direct,,118,,74,,Direct
4008,1128829,GO:0006259,GO:0006306,Direct,,GO:0006259,GO:0006306,0.389267849,FALSE,Direct,,118,,75,,Direct
4009,1129322,ath00020,ath01200,Direct,,ath00020,ath01200,0.574287914,FALSE,Direct,,117,,93,,Direct
4010,1129280,ath00020,ath00710,Direct,,ath00020,ath00710,0.316017316,FALSE,Direct,,117,,92,,Direct
4011,1129116,ath00020,ath_M00012,Direct,,ath00020,ath_M00012,0.660944206,FALSE,Direct,,117,,100,,Direct
4012,1128775,GO:0009735,GO:0010043,Direct,,GO:0009735,GO:0010043,0.447184272,FALSE,Direct,,116,,134,,Direct
4013,1129307,GO:0000725,GO:0006310,Direct,,GO:0000725,GO:0006310,0.72128577,FALSE,Direct,,115,,111,,Direct
4014,1129306,GO:0000725,GO:0006323,Direct,,GO:0000725,GO:0006323,0.433827043,FALSE,Direct,,115,,109,,Direct
4015,1129305,GO:0000725,GO:0071824,Direct,,GO:0000725,GO:0071824,0.335796178,FALSE,Direct,,115,,21,,Direct
4016,1129304,GO:0000725,GO:0006333,Direct,,GO:0000725,GO:0006333,0.433827043,FALSE,Direct,,115,,108,,Direct
4017,1129303,GO:0000725,GO:0006334,Direct,,GO:0000725,GO:0006334,0.491416309,FALSE,Direct,,115,,110,,Direct
4018,1129302,GO:0000725,GO:0006974,Direct,,GO:0000725,GO:0006974,0.383347788,FALSE,Direct,,115,,28,,Direct
4019,1129286,GO:0000725,GO:0031497,Direct,,GO:0000725,GO:0031497,0.433827043,FALSE,Direct,,115,,123,,Direct
4020,1129257,GO:0000725,GO:0071103,Direct,,GO:0000725,GO:0071103,0.535476284,FALSE,Direct,,115,,107,,Direct
4021,1129248,GO:0000725,GO:0034728,Direct,,GO:0000725,GO:0034728,0.491416309,FALSE,Direct,,115,,112,,Direct
4022,1128996,GO:0000725,GO:0065004,Direct,,GO:0000725,GO:0065004,0.335796178,FALSE,Direct,,115,,18,,Direct
4023,1128968,GO:0000725,GO:0006281,Direct,,GO:0000725,GO:0006281,0.405201916,FALSE,Direct,,115,,29,,Direct
4024,1128912,GO:0000725,GO:0006260,Direct,,GO:0000725,GO:0006260,0.349666797,FALSE,Direct,,115,,31,,Direct
4025,1128862,GO:0000725,GO:0006302,Direct,,GO:0000725,GO:0006302,0.886765409,FALSE,Direct,,115,,113,,Direct
4026,1129313,GO:0000724,GO:0006310,Direct,,GO:0000724,GO:0006310,0.72128577,FALSE,Direct,,114,,111,,Direct
4027,1129312,GO:0000724,GO:0006323,Direct,,GO:0000724,GO:0006323,0.433827043,FALSE,Direct,,114,,109,,Direct
4028,1129311,GO:0000724,GO:0071824,Direct,,GO:0000724,GO:0071824,0.335796178,FALSE,Direct,,114,,21,,Direct
4029,1129310,GO:0000724,GO:0006333,Direct,,GO:0000724,GO:0006333,0.433827043,FALSE,Direct,,114,,108,,Direct
4030,1129309,GO:0000724,GO:0006334,Direct,,GO:0000724,GO:0006334,0.491416309,FALSE,Direct,,114,,110,,Direct
4031,1129308,GO:0000724,GO:0006974,Direct,,GO:0000724,GO:0006974,0.383347788,FALSE,Direct,,114,,28,,Direct
4032,1129301,GO:0000724,GO:0000725,Direct,,GO:0000724,GO:0000725,1,FALSE,Direct,,114,,115,,Direct
4033,1129287,GO:0000724,GO:0031497,Direct,,GO:0000724,GO:0031497,0.433827043,FALSE,Direct,,114,,123,,Direct
4034,1129258,GO:0000724,GO:0071103,Direct,,GO:0000724,GO:0071103,0.535476284,FALSE,Direct,,114,,107,,Direct
4035,1129249,GO:0000724,GO:0034728,Direct,,GO:0000724,GO:0034728,0.491416309,FALSE,Direct,,114,,112,,Direct
4036,1128997,GO:0000724,GO:0065004,Direct,,GO:0000724,GO:0065004,0.335796178,FALSE,Direct,,114,,18,,Direct
4037,1128969,GO:0000724,GO:0006281,Direct,,GO:0000724,GO:0006281,0.405201916,FALSE,Direct,,114,,29,,Direct
4038,1128913,GO:0000724,GO:0006260,Direct,,GO:0000724,GO:0006260,0.349666797,FALSE,Direct,,114,,31,,Direct
4039,1128863,GO:0000724,GO:0006302,Direct,,GO:0000724,GO:0006302,0.886765409,FALSE,Direct,,114,,113,,Direct
4040,1128870,GO:0006302,GO:0006310,Direct,,GO:0006302,GO:0006310,0.829127614,FALSE,Direct,,113,,111,,Direct
4041,1128868,GO:0006302,GO:0006323,Direct,,GO:0006302,GO:0006323,0.387068966,FALSE,Direct,,113,,109,,Direct
4042,1128867,GO:0006302,GO:0071824,Direct,,GO:0006302,GO:0071824,0.31237911,FALSE,Direct,,113,,21,,Direct
4043,1128866,GO:0006302,GO:0006333,Direct,,GO:0006302,GO:0006333,0.387068966,FALSE,Direct,,113,,108,,Direct
4044,1128865,GO:0006302,GO:0006334,Direct,,GO:0006302,GO:0006334,0.433827043,FALSE,Direct,,113,,110,,Direct
4045,1128864,GO:0006302,GO:0006974,Direct,,GO:0006302,GO:0006974,0.458791779,FALSE,Direct,,113,,28,,Direct
4046,1128861,GO:0006302,GO:0031497,Direct,,GO:0006302,GO:0031497,0.387068966,FALSE,Direct,,113,,123,,Direct
4047,1128860,GO:0006302,GO:0071103,Direct,,GO:0006302,GO:0071103,0.487382841,FALSE,Direct,,113,,107,,Direct
4048,1128859,GO:0006302,GO:0034728,Direct,,GO:0006302,GO:0034728,0.433827043,FALSE,Direct,,113,,112,,Direct
4049,1128858,GO:0006302,GO:0051276,Direct,,GO:0006302,GO:0051276,0.334061817,FALSE,Direct,,113,,124,,Direct
4050,1128857,GO:0006302,GO:0065004,Direct,,GO:0006302,GO:0065004,0.31237911,FALSE,Direct,,113,,18,,Direct
4051,1129252,GO:0034728,GO:0071824,Direct,,GO:0034728,GO:0071824,0.45656051,FALSE,Direct,,112,,21,,Direct
4052,1129246,GO:0034728,GO:0071103,Direct,,GO:0034728,GO:0071103,0.72128577,FALSE,Direct,,112,,107,,Direct
4053,1128992,GO:0034728,GO:0065004,Direct,,GO:0034728,GO:0065004,0.45656051,FALSE,Direct,,112,,18,,Direct
4054,1129405,GO:0006310,GO:0006323,Direct,,GO:0006310,GO:0006323,0.316510454,FALSE,Direct,,111,,109,,Direct
4055,1129384,GO:0006310,GO:0006333,Direct,,GO:0006310,GO:0006333,0.316510454,FALSE,Direct,,111,,108,,Direct
4056,1129380,GO:0006310,GO:0006334,Direct,,GO:0006310,GO:0006334,0.349666797,FALSE,Direct,,111,,110,,Direct
4057,1129369,GO:0006310,GO:0006974,Direct,,GO:0006310,GO:0006974,0.591926535,FALSE,Direct,,111,,28,,Direct
4058,1129293,GO:0006310,GO:0031497,Direct,,GO:0006310,GO:0031497,0.316510454,FALSE,Direct,,111,,123,,Direct
4059,1129266,GO:0006310,GO:0071103,Direct,,GO:0006310,GO:0071103,0.558385093,FALSE,Direct,,111,,107,,Direct
4060,1129255,GO:0006310,GO:0034728,Direct,,GO:0006310,GO:0034728,0.349666797,FALSE,Direct,,111,,112,,Direct
4061,1129209,GO:0006310,GO:0051276,Direct,,GO:0006310,GO:0051276,0.371538008,FALSE,Direct,,111,,124,,Direct
4062,1129164,GO:0006310,ath03430,Direct,,GO:0006310,ath03430,0.389175258,FALSE,Direct,,111,,32,,Direct
4063,1129377,GO:0006334,GO:0071824,Direct,,GO:0006334,GO:0071824,0.45656051,FALSE,Direct,,110,,21,,Direct
4064,1129288,GO:0006334,GO:0031497,Direct,,GO:0006334,GO:0031497,0.886765409,FALSE,Direct,,110,,123,,Direct
4065,1129260,GO:0006334,GO:0071103,Direct,,GO:0006334,GO:0071103,0.72128577,FALSE,Direct,,110,,107,,Direct
4066,1129250,GO:0006334,GO:0034728,Direct,,GO:0006334,GO:0034728,1,FALSE,Direct,,110,,112,,Direct
4067,1128998,GO:0006334,GO:0065004,Direct,,GO:0006334,GO:0065004,0.45656051,FALSE,Direct,,110,,18,,Direct
4068,1129401,GO:0006323,GO:0006325,Direct,,GO:0006323,GO:0006325,0.415480933,FALSE,Direct,,109,,22,,Direct
4069,1129397,GO:0006323,GO:0071824,Direct,,GO:0006323,GO:0071824,0.426982592,FALSE,Direct,,109,,21,,Direct
4070,1129383,GO:0006323,GO:0006333,Direct,,GO:0006323,GO:0006333,1,FALSE,Direct,,109,,108,,Direct
4071,1129379,GO:0006323,GO:0006334,Direct,,GO:0006323,GO:0006334,0.886765409,FALSE,Direct,,109,,110,,Direct
4072,1129292,GO:0006323,GO:0031497,Direct,,GO:0006323,GO:0031497,1,FALSE,Direct,,109,,123,,Direct
4073,1129264,GO:0006323,GO:0071103,Direct,,GO:0006323,GO:0071103,0.829127614,FALSE,Direct,,109,,107,,Direct
4074,1129254,GO:0006323,GO:0034728,Direct,,GO:0006323,GO:0034728,0.886765409,FALSE,Direct,,109,,112,,Direct
4075,1129206,GO:0006323,GO:0051276,Direct,,GO:0006323,GO:0051276,0.334061817,FALSE,Direct,,109,,124,,Direct
4076,1129001,GO:0006323,GO:0065004,Direct,,GO:0006323,GO:0065004,0.426982592,FALSE,Direct,,109,,18,,Direct
4077,1129381,GO:0006333,GO:0071824,Direct,,GO:0006333,GO:0071824,0.426982592,FALSE,Direct,,108,,21,,Direct
4078,1129376,GO:0006333,GO:0006334,Direct,,GO:0006333,GO:0006334,0.886765409,FALSE,Direct,,108,,110,,Direct
4079,1129289,GO:0006333,GO:0031497,Direct,,GO:0006333,GO:0031497,1,FALSE,Direct,,108,,123,,Direct
4080,1129261,GO:0006333,GO:0071103,Direct,,GO:0006333,GO:0071103,0.829127614,FALSE,Direct,,108,,107,,Direct
4081,1129251,GO:0006333,GO:0034728,Direct,,GO:0006333,GO:0034728,0.886765409,FALSE,Direct,,108,,112,,Direct
4082,1129204,GO:0006333,GO:0051276,Direct,,GO:0006333,GO:0051276,0.334061817,FALSE,Direct,,108,,124,,Direct
4083,1128999,GO:0006333,GO:0065004,Direct,,GO:0006333,GO:0065004,0.426982592,FALSE,Direct,,108,,18,,Direct
4084,1129262,GO:0071103,GO:0071824,Direct,,GO:0071103,GO:0071824,0.376042124,FALSE,Direct,,107,,21,,Direct
4085,1129138,GO:0009860,GO:0015748,Direct,,GO:0009860,GO:0015748,0.348645465,FALSE,Direct,,106,,41,,Direct
4086,1129136,GO:0009860,GO:0045332,Direct,,GO:0009860,GO:0045332,0.348645465,FALSE,Direct,,106,,128,,Direct
4087,1129135,GO:0009860,GO:0048194,Direct,,GO:0009860,GO:0048194,0.348645465,FALSE,Direct,,106,,38,,Direct
4088,1129134,GO:0009860,GO:0009932,Direct,,GO:0009860,GO:0009932,0.852886406,FALSE,Direct,,106,,103,,Direct
4089,1129133,GO:0009860,GO:0097035,Direct,,GO:0009860,GO:0097035,0.348645465,FALSE,Direct,,106,,36,,Direct
4090,1129132,GO:0009860,GO:0015914,Direct,,GO:0009860,GO:0015914,0.348645465,FALSE,Direct,,106,,37,,Direct
4091,1129131,GO:0009860,GO:0034204,Direct,,GO:0009860,GO:0034204,0.348645465,FALSE,Direct,,106,,35,,Direct
4092,1129052,GO:0009860,GO:0044706,Direct,,GO:0009860,GO:0044706,0.695919938,FALSE,Direct,,106,,102,,Direct
4093,1128750,GO:0009860,GO:0048588,Direct,,GO:0009860,GO:0048588,0.852886406,FALSE,Direct,,106,,104,,Direct
4094,1129111,GO:0000904,GO:0009856,Direct,,GO:0000904,GO:0009856,0.616593483,FALSE,Direct,,105,,101,,Direct
4095,1129110,GO:0000904,GO:0009932,Direct,,GO:0000904,GO:0009932,1,FALSE,Direct,,105,,103,,Direct
4096,1129109,GO:0000904,GO:0009860,Direct,,GO:0000904,GO:0009860,0.852886406,FALSE,Direct,,105,,106,,Direct
4097,1129050,GO:0000904,GO:0044706,Direct,,GO:0000904,GO:0044706,0.616593483,FALSE,Direct,,105,,102,,Direct
4098,1128749,GO:0000904,GO:0048588,Direct,,GO:0000904,GO:0048588,1,FALSE,Direct,,105,,104,,Direct
4099,1129058,GO:0009932,GO:0044706,Direct,,GO:0009932,GO:0044706,0.616593483,FALSE,Direct,,103,,102,,Direct
4100,1128751,GO:0009932,GO:0048588,Direct,,GO:0009932,GO:0048588,1,FALSE,Direct,,103,,104,,Direct
4101,1129057,GO:0044706,GO:0046838,Direct,,GO:0044706,GO:0046838,0.384770695,FALSE,Direct,,102,,55,,Direct
4102,1129056,GO:0044706,GO:0046164,Direct,,GO:0044706,GO:0046164,0.384770695,FALSE,Direct,,102,,60,,Direct
4103,1129055,GO:0044706,GO:0046839,Direct,,GO:0044706,GO:0046839,0.356328083,FALSE,Direct,,102,,127,,Direct
4104,1129054,GO:0044706,GO:0071545,Direct,,GO:0044706,GO:0071545,0.384770695,FALSE,Direct,,102,,54,,Direct
4105,1129053,GO:0044706,GO:0046856,Direct,,GO:0044706,GO:0046856,0.356328083,FALSE,Direct,,102,,52,,Direct
4106,1128973,GO:0044706,GO:0046174,Direct,,GO:0044706,GO:0046174,0.384770695,FALSE,Direct,,102,,57,,Direct
4107,1128949,GO:0044706,GO:0046855,Direct,,GO:0044706,GO:0046855,0.384770695,FALSE,Direct,,102,,53,,Direct
4108,1128748,GO:0044706,GO:0048588,Direct,,GO:0044706,GO:0048588,0.616593483,FALSE,Direct,,102,,104,,Direct
4109,1129392,GO:0009856,GO:0009932,Direct,,GO:0009856,GO:0009932,0.616593483,FALSE,Direct,,101,,103,,Direct
4110,1129391,GO:0009856,GO:0046838,Direct,,GO:0009856,GO:0046838,0.384770695,FALSE,Direct,,101,,55,,Direct
4111,1129362,GO:0009856,GO:0046164,Direct,,GO:0009856,GO:0046164,0.384770695,FALSE,Direct,,101,,60,,Direct
4112,1129344,GO:0009856,GO:0046839,Direct,,GO:0009856,GO:0046839,0.356328083,FALSE,Direct,,101,,127,,Direct
4113,1129339,GO:0009856,GO:0071545,Direct,,GO:0009856,GO:0071545,0.384770695,FALSE,Direct,,101,,54,,Direct
4114,1129150,GO:0009856,GO:0046856,Direct,,GO:0009856,GO:0046856,0.356328083,FALSE,Direct,,101,,52,,Direct
4115,1129137,GO:0009856,GO:0009860,Direct,,GO:0009856,GO:0009860,0.695919938,FALSE,Direct,,101,,106,,Direct
4116,1129130,GO:0009856,GO:0043647,Direct,,GO:0009856,GO:0043647,0.384770695,FALSE,Direct,,101,,59,,Direct
4117,1129059,GO:0009856,GO:0044706,Direct,,GO:0009856,GO:0044706,1,FALSE,Direct,,101,,102,,Direct
4118,1128986,GO:0009856,GO:0046174,Direct,,GO:0009856,GO:0046174,0.384770695,FALSE,Direct,,101,,57,,Direct
4119,1128962,GO:0009856,GO:0046855,Direct,,GO:0009856,GO:0046855,0.384770695,FALSE,Direct,,101,,53,,Direct
4120,1128891,GO:0009856,GO:0030258,Direct,,GO:0009856,GO:0030258,0.308365759,FALSE,Direct,,101,,58,,Direct
4121,1128752,GO:0009856,GO:0048588,Direct,,GO:0009856,GO:0048588,0.616593483,FALSE,Direct,,101,,104,,Direct
4122,1129414,M00012,ath00270,Direct,,M00012,ath00270,0.389175258,FALSE,Direct,,99,,79,,Direct
4123,1129375,M00012,ath00020,Direct,,M00012,ath00020,0.660944206,FALSE,Direct,,99,,117,,Direct
4124,1129324,M00012,ath01200,Direct,,M00012,ath01200,0.41697417,FALSE,Direct,,99,,93,,Direct
4125,1129282,M00012,ath00710,Direct,,M00012,ath00710,0.43490701,FALSE,Direct,,99,,92,,Direct
4126,1129119,M00012,ath_M00012,Direct,,M00012,ath_M00012,1,FALSE,Direct,,99,,100,,Direct
4127,1129245,GO:0006108,M00012,Direct,,GO:0006108,M00012,0.662393162,FALSE,Direct,,98,,99,,Direct
4128,1129244,GO:0006108,ath00270,Direct,,GO:0006108,ath00270,0.389175258,FALSE,Direct,,98,,79,,Direct
4129,1129242,GO:0006108,ath00020,Direct,,GO:0006108,ath00020,0.43490701,FALSE,Direct,,98,,117,,Direct
4130,1129241,GO:0006108,ath01200,Direct,,GO:0006108,ath01200,0.41697417,FALSE,Direct,,98,,93,,Direct
4131,1129240,GO:0006108,ath00710,Direct,,GO:0006108,ath00710,0.660944206,FALSE,Direct,,98,,92,,Direct
4132,1129113,GO:0006108,ath_M00012,Direct,,GO:0006108,ath_M00012,0.662393162,FALSE,Direct,,98,,100,,Direct
4133,1129036,GO:0006108,GO:0043648,Direct,,GO:0006108,GO:0043648,0.660944206,FALSE,Direct,,98,,96,,Direct
4134,1128789,GO:0006108,GO:0072350,Direct,,GO:0006108,GO:0072350,0.745980707,FALSE,Direct,,98,,97,,Direct
4135,1128795,GO:0072350,M00012,Direct,,GO:0072350,M00012,0.745980707,FALSE,Direct,,97,,99,,Direct
4136,1128794,GO:0072350,ath00270,Direct,,GO:0072350,ath00270,0.316510454,FALSE,Direct,,97,,79,,Direct
4137,1128792,GO:0072350,ath00020,Direct,,GO:0072350,ath00020,0.720848057,FALSE,Direct,,97,,117,,Direct
4138,1128791,GO:0072350,ath01200,Direct,,GO:0072350,ath01200,0.61379685,FALSE,Direct,,97,,93,,Direct
4139,1128790,GO:0072350,ath00710,Direct,,GO:0072350,ath00710,0.534746761,FALSE,Direct,,97,,92,,Direct
4140,1128787,GO:0072350,ath_M00012,Direct,,GO:0072350,ath_M00012,0.745980707,FALSE,Direct,,97,,100,,Direct
4141,1129042,GO:0043648,M00012,Direct,,GO:0043648,M00012,0.43490701,FALSE,Direct,,96,,99,,Direct
4142,1129041,GO:0043648,ath00270,Direct,,GO:0043648,ath00270,0.446446446,FALSE,Direct,,96,,79,,Direct
4143,1129039,GO:0043648,ath00020,Direct,,GO:0043648,ath00020,0.316017316,FALSE,Direct,,96,,117,,Direct
4144,1129038,GO:0043648,ath01200,Direct,,GO:0043648,ath01200,0.331023865,FALSE,Direct,,96,,93,,Direct
4145,1129037,GO:0043648,ath00710,Direct,,GO:0043648,ath00710,0.487012987,FALSE,Direct,,96,,92,,Direct
4146,1129034,GO:0043648,ath_M00012,Direct,,GO:0043648,ath_M00012,0.43490701,FALSE,Direct,,96,,100,,Direct
4147,1128786,GO:0043648,GO:0072350,Direct,,GO:0043648,GO:0072350,0.534746761,FALSE,Direct,,96,,97,,Direct
4148,1129223,GO:0006101,M00012,Direct,,GO:0006101,M00012,0.745980707,FALSE,Direct,,95,,99,,Direct
4149,1129222,GO:0006101,ath00270,Direct,,GO:0006101,ath00270,0.316510454,FALSE,Direct,,95,,79,,Direct
4150,1129220,GO:0006101,ath00020,Direct,,GO:0006101,ath00020,0.720848057,FALSE,Direct,,95,,117,,Direct
4151,1129219,GO:0006101,ath01200,Direct,,GO:0006101,ath01200,0.61379685,FALSE,Direct,,95,,93,,Direct
4152,1129218,GO:0006101,ath00710,Direct,,GO:0006101,ath00710,0.534746761,FALSE,Direct,,95,,92,,Direct
4153,1129217,GO:0006101,GO:0006108,Direct,,GO:0006101,GO:0006108,0.745980707,FALSE,Direct,,95,,98,,Direct
4154,1129112,GO:0006101,ath_M00012,Direct,,GO:0006101,ath_M00012,0.745980707,FALSE,Direct,,95,,100,,Direct
4155,1129035,GO:0006101,GO:0043648,Direct,,GO:0006101,GO:0043648,0.534746761,FALSE,Direct,,95,,96,,Direct
4156,1128788,GO:0006101,GO:0072350,Direct,,GO:0006101,GO:0072350,1,FALSE,Direct,,95,,97,,Direct
4157,1129394,GO:0006099,M00012,Direct,,GO:0006099,M00012,0.745980707,FALSE,Direct,,94,,99,,Direct
4158,1129393,GO:0006099,ath00270,Direct,,GO:0006099,ath00270,0.316510454,FALSE,Direct,,94,,79,,Direct
4159,1129374,GO:0006099,ath00020,Direct,,GO:0006099,ath00020,0.720848057,FALSE,Direct,,94,,117,,Direct
4160,1129323,GO:0006099,ath01200,Direct,,GO:0006099,ath01200,0.61379685,FALSE,Direct,,94,,93,,Direct
4161,1129281,GO:0006099,ath00710,Direct,,GO:0006099,ath00710,0.534746761,FALSE,Direct,,94,,92,,Direct
4162,1129243,GO:0006099,GO:0006108,Direct,,GO:0006099,GO:0006108,0.745980707,FALSE,Direct,,94,,98,,Direct
4163,1129221,GO:0006099,GO:0006101,Direct,,GO:0006099,GO:0006101,1,FALSE,Direct,,94,,95,,Direct
4164,1129117,GO:0006099,ath_M00012,Direct,,GO:0006099,ath_M00012,0.745980707,FALSE,Direct,,94,,100,,Direct
4165,1129040,GO:0006099,GO:0043648,Direct,,GO:0006099,GO:0043648,0.534746761,FALSE,Direct,,94,,96,,Direct
4166,1128793,GO:0006099,GO:0072350,Direct,,GO:0006099,GO:0072350,1,FALSE,Direct,,94,,97,,Direct
4167,1129115,ath01200,ath_M00012,Direct,,ath01200,ath_M00012,0.41697417,FALSE,Direct,,93,,100,,Direct
4168,1129279,ath00710,ath01200,Direct,,ath00710,ath01200,0.695919938,FALSE,Direct,,92,,93,,Direct
4169,1129114,ath00710,ath_M00012,Direct,,ath00710,ath_M00012,0.43490701,FALSE,Direct,,92,,100,,Direct
4170,1129295,GO:0023051,ath04016,Direct,,GO:0023051,ath04016,0.450965251,FALSE,Direct,,91,,83,,Direct
4171,1129236,GO:0023051,GO:0070298,Direct,,GO:0023051,GO:0070298,0.490322581,FALSE,Direct,,91,,86,,Direct
4172,1129185,GO:0023051,GO:1902531,Direct,,GO:0023051,GO:1902531,0.793733681,FALSE,Direct,,91,,131,,Direct
4173,1129175,GO:0023051,GO:1902532,Direct,,GO:0023051,GO:1902532,0.490322581,FALSE,Direct,,91,,89,,Direct
4174,1129159,GO:0023051,GO:0070297,Direct,,GO:0023051,GO:0070297,0.490322581,FALSE,Direct,,91,,88,,Direct
4175,1128755,GO:0023051,GO:0048583,Direct,,GO:0023051,GO:0048583,0.676229508,FALSE,Direct,,91,,84,,Direct
4176,1128878,GO:0009966,ath04016,Direct,,GO:0009966,ath04016,0.450965251,FALSE,Direct,,90,,83,,Direct
4177,1128877,GO:0009966,GO:0010105,Direct,,GO:0009966,GO:0010105,0.490322581,FALSE,Direct,,90,,85,,Direct
4178,1128876,GO:0009966,GO:0023051,Direct,,GO:0009966,GO:0023051,1,FALSE,Direct,,90,,91,,Direct
4179,1128875,GO:0009966,GO:0070298,Direct,,GO:0009966,GO:0070298,0.490322581,FALSE,Direct,,90,,86,,Direct
4180,1128874,GO:0009966,GO:1902531,Direct,,GO:0009966,GO:1902531,0.793733681,FALSE,Direct,,90,,131,,Direct
4181,1128873,GO:0009966,GO:1902532,Direct,,GO:0009966,GO:1902532,0.490322581,FALSE,Direct,,90,,89,,Direct
4182,1128872,GO:0009966,GO:0070297,Direct,,GO:0009966,GO:0070297,0.490322581,FALSE,Direct,,90,,88,,Direct
4183,1128871,GO:0009966,GO:0010104,Direct,,GO:0009966,GO:0010104,0.490322581,FALSE,Direct,,90,,87,,Direct
4184,1128753,GO:0009966,GO:0048583,Direct,,GO:0009966,GO:0048583,0.676229508,FALSE,Direct,,90,,84,,Direct
4185,1129177,GO:1902532,ath04016,Direct,,GO:1902532,ath04016,0.536928488,FALSE,Direct,,89,,83,,Direct
4186,1129161,GO:0070297,ath04016,Direct,,GO:0070297,ath04016,0.536928488,FALSE,Direct,,88,,83,,Direct
4187,1129158,GO:0070297,GO:0070298,Direct,,GO:0070297,GO:0070298,1,FALSE,Direct,,88,,86,,Direct
4188,1129157,GO:0070297,GO:1902531,Direct,,GO:0070297,GO:1902531,0.660944206,FALSE,Direct,,88,,131,,Direct
4189,1129156,GO:0070297,GO:1902532,Direct,,GO:0070297,GO:1902532,1,FALSE,Direct,,88,,89,,Direct
4190,1128907,GO:0010104,GO:0048523,Direct,,GO:0010104,GO:0048523,0.339163498,FALSE,Direct,,87,,27,,Direct
4191,1128906,GO:0010104,ath04016,Direct,,GO:0010104,ath04016,0.536928488,FALSE,Direct,,87,,83,,Direct
4192,1128905,GO:0010104,GO:0010105,Direct,,GO:0010104,GO:0010105,1,FALSE,Direct,,87,,85,,Direct
4193,1128904,GO:0010104,GO:0023051,Direct,,GO:0010104,GO:0023051,0.490322581,FALSE,Direct,,87,,91,,Direct
4194,1128903,GO:0010104,GO:0070298,Direct,,GO:0010104,GO:0070298,1,FALSE,Direct,,87,,86,,Direct
4195,1128902,GO:0010104,GO:1902531,Direct,,GO:0010104,GO:1902531,0.660944206,FALSE,Direct,,87,,131,,Direct
4196,1128901,GO:0010104,GO:1902532,Direct,,GO:0010104,GO:1902532,1,FALSE,Direct,,87,,89,,Direct
4197,1128900,GO:0010104,GO:0070297,Direct,,GO:0010104,GO:0070297,1,FALSE,Direct,,87,,88,,Direct
4198,1129238,GO:0070298,ath04016,Direct,,GO:0070298,ath04016,0.536928488,FALSE,Direct,,86,,83,,Direct
4199,1129184,GO:0070298,GO:1902531,Direct,,GO:0070298,GO:1902531,0.660944206,FALSE,Direct,,86,,131,,Direct
4200,1129174,GO:0070298,GO:1902532,Direct,,GO:0070298,GO:1902532,1,FALSE,Direct,,86,,89,,Direct
4201,1129396,GO:0010105,GO:0048523,Direct,,GO:0010105,GO:0048523,0.339163498,FALSE,Direct,,85,,27,,Direct
4202,1129395,GO:0010105,ath04016,Direct,,GO:0010105,ath04016,0.536928488,FALSE,Direct,,85,,83,,Direct
4203,1129294,GO:0010105,GO:0023051,Direct,,GO:0010105,GO:0023051,0.490322581,FALSE,Direct,,85,,91,,Direct
4204,1129237,GO:0010105,GO:0070298,Direct,,GO:0010105,GO:0070298,1,FALSE,Direct,,85,,86,,Direct
4205,1129186,GO:0010105,GO:1902531,Direct,,GO:0010105,GO:1902531,0.660944206,FALSE,Direct,,85,,131,,Direct
4206,1129176,GO:0010105,GO:1902532,Direct,,GO:0010105,GO:1902532,1,FALSE,Direct,,85,,89,,Direct
4207,1129160,GO:0010105,GO:0070297,Direct,,GO:0010105,GO:0070297,1,FALSE,Direct,,85,,88,,Direct
4208,1128756,GO:0048583,ath04016,Direct,,GO:0048583,ath04016,0.371130373,FALSE,Direct,,84,,83,,Direct
4209,1128754,GO:0048583,GO:1902531,Direct,,GO:0048583,GO:1902531,0.503144654,FALSE,Direct,,84,,131,,Direct
4210,1129314,GO:0022613,ath03010,Direct,,GO:0022613,ath03010,0.358964451,FALSE,Direct,,80,,121,,Direct
4211,1129155,GO:0022613,GO:0042273,Direct,,GO:0022613,GO:0042273,0.383347788,FALSE,Direct,,80,,81,,Direct
4212,1129141,GO:0022613,GO:0042254,Direct,,GO:0022613,GO:0042254,1,FALSE,Direct,,80,,135,,Direct
4213,1129118,ath00270,ath_M00012,Direct,,ath00270,ath_M00012,0.389175258,FALSE,Direct,,79,,100,,Direct
4214,1129154,GO:0010424,ath00270,Direct,,GO:0010424,ath00270,0.592783505,FALSE,Direct,,78,,79,,Direct
4215,1129153,GO:0010424,GO:0044764,Direct,,GO:0010424,GO:0044764,0.491961415,FALSE,Direct,,78,,72,,Direct
4216,1129152,GO:0010424,GO:0044728,Direct,,GO:0010424,GO:0044728,0.660944206,FALSE,Direct,,78,,76,,Direct
4217,1129151,GO:0010424,GO:0090116,Direct,,GO:0010424,GO:0090116,1,FALSE,Direct,,78,,73,,Direct
4218,1128853,GO:0006304,ath00270,Direct,,GO:0006304,ath00270,0.446446446,FALSE,Direct,,77,,79,,Direct
4219,1128852,GO:0006304,GO:0045814,Direct,,GO:0006304,GO:0045814,0.446446446,FALSE,Direct,,77,,24,,Direct
4220,1128851,GO:0006304,GO:0006325,Direct,,GO:0006304,GO:0006325,0.480263158,FALSE,Direct,,77,,22,,Direct
4221,1128850,GO:0006304,GO:0044764,Direct,,GO:0006304,GO:0044764,0.348645465,FALSE,Direct,,77,,72,,Direct
4222,1128849,GO:0006304,GO:0016458,Direct,,GO:0006304,GO:0016458,0.354575163,FALSE,Direct,,77,,26,,Direct
4223,1128848,GO:0006304,GO:0006342,Direct,,GO:0006304,GO:0006342,0.446446446,FALSE,Direct,,77,,23,,Direct
4224,1128847,GO:0006304,GO:0044728,Direct,,GO:0006304,GO:0044728,1,FALSE,Direct,,77,,76,,Direct
4225,1128846,GO:0006304,GO:0051276,Direct,,GO:0006304,GO:0051276,0.389267849,FALSE,Direct,,77,,124,,Direct
4226,1128845,GO:0006304,GO:0090116,Direct,,GO:0006304,GO:0090116,0.660944206,FALSE,Direct,,77,,73,,Direct
4227,1128844,GO:0006304,GO:0010424,Direct,,GO:0006304,GO:0010424,0.660944206,FALSE,Direct,,77,,78,,Direct
4228,1128843,GO:0006304,GO:0040029,Direct,,GO:0006304,GO:0040029,0.483660131,FALSE,Direct,,77,,25,,Direct
4229,1128830,GO:0006304,GO:0006305,Direct,,GO:0006304,GO:0006305,1,FALSE,Direct,,77,,74,,Direct
4230,1128817,GO:0006304,GO:0006306,Direct,,GO:0006304,GO:0006306,1,FALSE,Direct,,77,,75,,Direct
4231,1128798,GO:0006304,GO:0009294,Direct,,GO:0006304,GO:0009294,0.348645465,FALSE,Direct,,77,,71,,Direct
4232,1128779,GO:0006304,GO:0009292,Direct,,GO:0006304,GO:0009292,0.348645465,FALSE,Direct,,77,,125,,Direct
4233,1129274,GO:0044728,ath00270,Direct,,GO:0044728,ath00270,0.446446446,FALSE,Direct,,76,,79,,Direct
4234,1129273,GO:0044728,GO:0045814,Direct,,GO:0044728,GO:0045814,0.446446446,FALSE,Direct,,76,,24,,Direct
4235,1129271,GO:0044728,GO:0044764,Direct,,GO:0044728,GO:0044764,0.348645465,FALSE,Direct,,76,,72,,Direct
4236,1129199,GO:0044728,GO:0051276,Direct,,GO:0044728,GO:0051276,0.389267849,FALSE,Direct,,76,,124,,Direct
4237,1129195,GO:0044728,GO:0090116,Direct,,GO:0044728,GO:0090116,0.660944206,FALSE,Direct,,76,,73,,Direct
4238,1128828,GO:0006306,ath00270,Direct,,GO:0006306,ath00270,0.446446446,FALSE,Direct,,75,,79,,Direct
4239,1128827,GO:0006306,GO:0045814,Direct,,GO:0006306,GO:0045814,0.446446446,FALSE,Direct,,75,,24,,Direct
4240,1128826,GO:0006306,GO:0006325,Direct,,GO:0006306,GO:0006325,0.480263158,FALSE,Direct,,75,,22,,Direct
4241,1128825,GO:0006306,GO:0044764,Direct,,GO:0006306,GO:0044764,0.348645465,FALSE,Direct,,75,,72,,Direct
4242,1128824,GO:0006306,GO:0016458,Direct,,GO:0006306,GO:0016458,0.354575163,FALSE,Direct,,75,,26,,Direct
4243,1128823,GO:0006306,GO:0006342,Direct,,GO:0006306,GO:0006342,0.446446446,FALSE,Direct,,75,,23,,Direct
4244,1128822,GO:0006306,GO:0044728,Direct,,GO:0006306,GO:0044728,1,FALSE,Direct,,75,,76,,Direct
4245,1128821,GO:0006306,GO:0051276,Direct,,GO:0006306,GO:0051276,0.389267849,FALSE,Direct,,75,,124,,Direct
4246,1128820,GO:0006306,GO:0090116,Direct,,GO:0006306,GO:0090116,0.660944206,FALSE,Direct,,75,,73,,Direct
4247,1128819,GO:0006306,GO:0010424,Direct,,GO:0006306,GO:0010424,0.660944206,FALSE,Direct,,75,,78,,Direct
4248,1128818,GO:0006306,GO:0040029,Direct,,GO:0006306,GO:0040029,0.483660131,FALSE,Direct,,75,,25,,Direct
4249,1128796,GO:0006306,GO:0009294,Direct,,GO:0006306,GO:0009294,0.348645465,FALSE,Direct,,75,,71,,Direct
4250,1128777,GO:0006306,GO:0009292,Direct,,GO:0006306,GO:0009292,0.348645465,FALSE,Direct,,75,,125,,Direct
4251,1128841,GO:0006305,ath00270,Direct,,GO:0006305,ath00270,0.446446446,FALSE,Direct,,74,,79,,Direct
4252,1128840,GO:0006305,GO:0045814,Direct,,GO:0006305,GO:0045814,0.446446446,FALSE,Direct,,74,,24,,Direct
4253,1128839,GO:0006305,GO:0006325,Direct,,GO:0006305,GO:0006325,0.480263158,FALSE,Direct,,74,,22,,Direct
4254,1128838,GO:0006305,GO:0044764,Direct,,GO:0006305,GO:0044764,0.348645465,FALSE,Direct,,74,,72,,Direct
4255,1128837,GO:0006305,GO:0016458,Direct,,GO:0006305,GO:0016458,0.354575163,FALSE,Direct,,74,,26,,Direct
4256,1128836,GO:0006305,GO:0006342,Direct,,GO:0006305,GO:0006342,0.446446446,FALSE,Direct,,74,,23,,Direct
4257,1128835,GO:0006305,GO:0044728,Direct,,GO:0006305,GO:0044728,1,FALSE,Direct,,74,,76,,Direct
4258,1128834,GO:0006305,GO:0051276,Direct,,GO:0006305,GO:0051276,0.389267849,FALSE,Direct,,74,,124,,Direct
4259,1128833,GO:0006305,GO:0090116,Direct,,GO:0006305,GO:0090116,0.660944206,FALSE,Direct,,74,,73,,Direct
4260,1128832,GO:0006305,GO:0010424,Direct,,GO:0006305,GO:0010424,0.660944206,FALSE,Direct,,74,,78,,Direct
4261,1128831,GO:0006305,GO:0040029,Direct,,GO:0006305,GO:0040029,0.483660131,FALSE,Direct,,74,,25,,Direct
4262,1128816,GO:0006305,GO:0006306,Direct,,GO:0006305,GO:0006306,1,FALSE,Direct,,74,,75,,Direct
4263,1128797,GO:0006305,GO:0009294,Direct,,GO:0006305,GO:0009294,0.348645465,FALSE,Direct,,74,,71,,Direct
4264,1128778,GO:0006305,GO:0009292,Direct,,GO:0006305,GO:0009292,0.348645465,FALSE,Direct,,74,,125,,Direct
4265,1129197,GO:0090116,ath00270,Direct,,GO:0090116,ath00270,0.592783505,FALSE,Direct,,73,,79,,Direct
4266,1129367,GO:0044764,ath00270,Direct,,GO:0044764,ath00270,0.316510454,FALSE,Direct,,72,,79,,Direct
4267,1129196,GO:0044764,GO:0090116,Direct,,GO:0044764,GO:0090116,0.491961415,FALSE,Direct,,72,,73,,Direct
4268,1128804,GO:0009294,ath00270,Direct,,GO:0009294,ath00270,0.316510454,FALSE,Direct,,71,,79,,Direct
4269,1128802,GO:0009294,GO:0044764,Direct,,GO:0009294,GO:0044764,1,FALSE,Direct,,71,,72,,Direct
4270,1128801,GO:0009294,GO:0044728,Direct,,GO:0009294,GO:0044728,0.348645465,FALSE,Direct,,71,,76,,Direct
4271,1128800,GO:0009294,GO:0090116,Direct,,GO:0009294,GO:0090116,0.491961415,FALSE,Direct,,71,,73,,Direct
4272,1128799,GO:0009294,GO:0010424,Direct,,GO:0009294,GO:0010424,0.491961415,FALSE,Direct,,71,,78,,Direct
4273,1129332,GO:1901615,ath00100,Direct,,GO:1901615,ath00100,0.657018813,FALSE,Direct,,70,,66,,Direct
4274,1129373,GO:0008202,ath00100,Direct,,GO:0008202,ath00100,0.906949352,FALSE,Direct,,69,,66,,Direct
4275,1129356,GO:0008202,GO:0016125,Direct,,GO:0008202,GO:0016125,1,FALSE,Direct,,69,,67,,Direct
4276,1129354,GO:0008202,GO:0016126,Direct,,GO:0008202,GO:0016126,1,FALSE,Direct,,69,,136,,Direct
4277,1129330,GO:0008202,GO:1901615,Direct,,GO:0008202,GO:1901615,0.741830065,FALSE,Direct,,69,,70,,Direct
4278,1129228,GO:0006694,ath00100,Direct,,GO:0006694,ath00100,0.906949352,FALSE,Direct,,68,,66,,Direct
4279,1129227,GO:0006694,GO:0008202,Direct,,GO:0006694,GO:0008202,1,FALSE,Direct,,68,,69,,Direct
4280,1129226,GO:0006694,GO:0016125,Direct,,GO:0006694,GO:0016125,1,FALSE,Direct,,68,,67,,Direct
4281,1129225,GO:0006694,GO:0016126,Direct,,GO:0006694,GO:0016126,1,FALSE,Direct,,68,,136,,Direct
4282,1129224,GO:0006694,GO:1901615,Direct,,GO:0006694,GO:1901615,0.741830065,FALSE,Direct,,68,,70,,Direct
4283,1129357,GO:0016125,ath00100,Direct,,GO:0016125,ath00100,0.906949352,FALSE,Direct,,67,,66,,Direct
4284,1129353,GO:0016125,GO:0016126,Direct,,GO:0016125,GO:0016126,1,FALSE,Direct,,67,,136,,Direct
4285,1129328,GO:0016125,GO:1901615,Direct,,GO:0016125,GO:1901615,0.741830065,FALSE,Direct,,67,,70,,Direct
4286,1129104,GO:0000226,GO:0007010,Direct,,GO:0000226,GO:0007010,0.817176652,FALSE,Direct,,65,,63,,Direct
4287,1129103,GO:0000226,GO:0007017,Direct,,GO:0000226,GO:0007017,0.726643599,FALSE,Direct,,65,,126,,Direct
4288,1129102,GO:0000226,GO:0000278,Direct,,GO:0000226,GO:0000278,0.654182879,FALSE,Direct,,65,,64,,Direct
4289,1129101,GO:0000226,GO:0007049,Direct,,GO:0000226,GO:0007049,0.419022716,FALSE,Direct,,65,,61,,Direct
4290,1129100,GO:0000226,ath04145,Direct,,GO:0000226,ath04145,0.446446446,FALSE,Direct,,65,,62,,Direct
4291,1129413,GO:0000278,GO:0007010,Direct,,GO:0000278,GO:0007010,0.551608156,FALSE,Direct,,64,,63,,Direct
4292,1129412,GO:0000278,GO:0007017,Direct,,GO:0000278,GO:0007017,0.49739734,FALSE,Direct,,64,,126,,Direct
4293,1129298,GO:0000278,GO:0007049,Direct,,GO:0000278,GO:0007049,0.691182858,FALSE,Direct,,64,,61,,Direct
4294,1129276,GO:0000278,ath04145,Direct,,GO:0000278,ath04145,0.331023865,FALSE,Direct,,64,,62,,Direct
4295,1129419,GO:0007010,GO:0007017,Direct,,GO:0007010,GO:0007017,0.618817853,FALSE,Direct,,63,,126,,Direct
4296,1129300,GO:0007010,GO:0007049,Direct,,GO:0007010,GO:0007049,0.364232489,FALSE,Direct,,63,,61,,Direct
4297,1129278,GO:0007010,ath04145,Direct,,GO:0007010,ath04145,0.612745098,FALSE,Direct,,63,,62,,Direct
4298,1129358,GO:0046164,GO:0046838,Direct,,GO:0046164,GO:0046838,1,FALSE,Direct,,60,,55,,Direct
4299,1129340,GO:0046164,GO:0046839,Direct,,GO:0046164,GO:0046839,0.886765409,FALSE,Direct,,60,,127,,Direct
4300,1129334,GO:0046164,GO:0071545,Direct,,GO:0046164,GO:0071545,1,FALSE,Direct,,60,,54,,Direct
4301,1129329,GO:0046164,GO:1901615,Direct,,GO:0046164,GO:1901615,0.560840025,FALSE,Direct,,60,,70,,Direct
4302,1129146,GO:0046164,GO:0046856,Direct,,GO:0046164,GO:0046856,0.886765409,FALSE,Direct,,60,,52,,Direct
4303,1129065,GO:0046164,GO:0071322,Direct,,GO:0046164,GO:0071322,0.349666797,FALSE,Direct,,60,,48,,Direct
4304,1128981,GO:0046164,GO:0046174,Direct,,GO:0046164,GO:0046174,1,FALSE,Direct,,60,,57,,Direct
4305,1128957,GO:0046164,GO:0046855,Direct,,GO:0046164,GO:0046855,1,FALSE,Direct,,60,,53,,Direct
4306,1128745,GO:0046164,GO:0046434,Direct,,GO:0046164,GO:0046434,0.658992806,FALSE,Direct,,60,,56,,Direct
4307,1129126,GO:0043647,GO:0046838,Direct,,GO:0043647,GO:0046838,1,FALSE,Direct,,59,,55,,Direct
4308,1129125,GO:0043647,GO:0046164,Direct,,GO:0043647,GO:0046164,1,FALSE,Direct,,59,,60,,Direct
4309,1129124,GO:0043647,GO:0046839,Direct,,GO:0043647,GO:0046839,0.886765409,FALSE,Direct,,59,,127,,Direct
4310,1129123,GO:0043647,GO:0071545,Direct,,GO:0043647,GO:0071545,1,FALSE,Direct,,59,,54,,Direct
4311,1129122,GO:0043647,GO:1901615,Direct,,GO:0043647,GO:1901615,0.560840025,FALSE,Direct,,59,,70,,Direct
4312,1129120,GO:0043647,GO:0046856,Direct,,GO:0043647,GO:0046856,0.886765409,FALSE,Direct,,59,,52,,Direct
4313,1129060,GO:0043647,GO:0071322,Direct,,GO:0043647,GO:0071322,0.349666797,FALSE,Direct,,59,,48,,Direct
4314,1129051,GO:0043647,GO:0044706,Direct,,GO:0043647,GO:0044706,0.384770695,FALSE,Direct,,59,,102,,Direct
4315,1128975,GO:0043647,GO:0046174,Direct,,GO:0043647,GO:0046174,1,FALSE,Direct,,59,,57,,Direct
4316,1128951,GO:0043647,GO:0046855,Direct,,GO:0043647,GO:0046855,1,FALSE,Direct,,59,,53,,Direct
4317,1128739,GO:0043647,GO:0046434,Direct,,GO:0043647,GO:0046434,0.658992806,FALSE,Direct,,59,,56,,Direct
4318,1128889,GO:0030258,GO:0046838,Direct,,GO:0030258,GO:0046838,0.72128577,FALSE,Direct,,58,,55,,Direct
4319,1128888,GO:0030258,GO:0046164,Direct,,GO:0030258,GO:0046164,0.72128577,FALSE,Direct,,58,,60,,Direct
4320,1128887,GO:0030258,GO:0046839,Direct,,GO:0030258,GO:0046839,0.829127614,FALSE,Direct,,58,,127,,Direct
4321,1128886,GO:0030258,GO:0071545,Direct,,GO:0030258,GO:0071545,0.72128577,FALSE,Direct,,58,,54,,Direct
4322,1128885,GO:0030258,GO:1901615,Direct,,GO:0030258,GO:1901615,0.573412188,FALSE,Direct,,58,,70,,Direct
4323,1128884,GO:0030258,GO:0046856,Direct,,GO:0030258,GO:0046856,0.829127614,FALSE,Direct,,58,,52,,Direct
4324,1128883,GO:0030258,GO:0043647,Direct,,GO:0030258,GO:0043647,0.72128577,FALSE,Direct,,58,,59,,Direct
4325,1128882,GO:0030258,GO:0044706,Direct,,GO:0030258,GO:0044706,0.308365759,FALSE,Direct,,58,,102,,Direct
4326,1128881,GO:0030258,GO:0046174,Direct,,GO:0030258,GO:0046174,0.72128577,FALSE,Direct,,58,,57,,Direct
4327,1128880,GO:0030258,GO:0046855,Direct,,GO:0030258,GO:0046855,0.72128577,FALSE,Direct,,58,,53,,Direct
4328,1128735,GO:0030258,GO:0046434,Direct,,GO:0030258,GO:0046434,0.518152774,FALSE,Direct,,58,,56,,Direct
4329,1128982,GO:0046174,GO:0046838,Direct,,GO:0046174,GO:0046838,1,FALSE,Direct,,57,,55,,Direct
4330,1128980,GO:0046174,GO:0046839,Direct,,GO:0046174,GO:0046839,0.886765409,FALSE,Direct,,57,,127,,Direct
4331,1128979,GO:0046174,GO:0071545,Direct,,GO:0046174,GO:0071545,1,FALSE,Direct,,57,,54,,Direct
4332,1128978,GO:0046174,GO:1901615,Direct,,GO:0046174,GO:1901615,0.560840025,FALSE,Direct,,57,,70,,Direct
4333,1128976,GO:0046174,GO:0046856,Direct,,GO:0046174,GO:0046856,0.886765409,FALSE,Direct,,57,,52,,Direct
4334,1128974,GO:0046174,GO:0071322,Direct,,GO:0046174,GO:0071322,0.349666797,FALSE,Direct,,57,,48,,Direct
4335,1128948,GO:0046174,GO:0046855,Direct,,GO:0046174,GO:0046855,1,FALSE,Direct,,57,,53,,Direct
4336,1128738,GO:0046174,GO:0046434,Direct,,GO:0046174,GO:0046434,0.658992806,FALSE,Direct,,57,,56,,Direct
4337,1128746,GO:0046434,GO:0046838,Direct,,GO:0046434,GO:0046838,0.658992806,FALSE,Direct,,56,,55,,Direct
4338,1128744,GO:0046434,GO:0046839,Direct,,GO:0046434,GO:0046839,0.605131623,FALSE,Direct,,56,,127,,Direct
4339,1128743,GO:0046434,GO:0071545,Direct,,GO:0046434,GO:0071545,0.658992806,FALSE,Direct,,56,,54,,Direct
4340,1128742,GO:0046434,GO:1901615,Direct,,GO:0046434,GO:1901615,0.422795908,FALSE,Direct,,56,,70,,Direct
4341,1128741,GO:0046434,ath01200,Direct,,GO:0046434,ath01200,0.397504044,FALSE,Direct,,56,,93,,Direct
4342,1128740,GO:0046434,GO:0046856,Direct,,GO:0046434,GO:0046856,0.605131623,FALSE,Direct,,56,,52,,Direct
4343,1128737,GO:0046434,GO:0046855,Direct,,GO:0046434,GO:0046855,0.658992806,FALSE,Direct,,56,,53,,Direct
4344,1129341,GO:0046838,GO:0046839,Direct,,GO:0046838,GO:0046839,0.886765409,FALSE,Direct,,55,,127,,Direct
4345,1129335,GO:0046838,GO:0071545,Direct,,GO:0046838,GO:0071545,1,FALSE,Direct,,55,,54,,Direct
4346,1129331,GO:0046838,GO:1901615,Direct,,GO:0046838,GO:1901615,0.560840025,FALSE,Direct,,55,,70,,Direct
4347,1129147,GO:0046838,GO:0046856,Direct,,GO:0046838,GO:0046856,0.886765409,FALSE,Direct,,55,,52,,Direct
4348,1129066,GO:0046838,GO:0071322,Direct,,GO:0046838,GO:0071322,0.349666797,FALSE,Direct,,55,,48,,Direct
4349,1128958,GO:0046838,GO:0046855,Direct,,GO:0046838,GO:0046855,1,FALSE,Direct,,55,,53,,Direct
4350,1129325,GO:0071545,GO:1901615,Direct,,GO:0071545,GO:1901615,0.560840025,FALSE,Direct,,54,,70,,Direct
4351,1128955,GO:0046855,GO:0071545,Direct,,GO:0046855,GO:0071545,1,FALSE,Direct,,53,,54,,Direct
4352,1128954,GO:0046855,GO:1901615,Direct,,GO:0046855,GO:1901615,0.560840025,FALSE,Direct,,53,,70,,Direct
4353,1128952,GO:0046855,GO:0046856,Direct,,GO:0046855,GO:0046856,0.886765409,FALSE,Direct,,53,,52,,Direct
4354,1128950,GO:0046855,GO:0071322,Direct,,GO:0046855,GO:0071322,0.349666797,FALSE,Direct,,53,,48,,Direct
4355,1129144,GO:0046856,GO:0071545,Direct,,GO:0046856,GO:0071545,0.886765409,FALSE,Direct,,52,,54,,Direct
4356,1129143,GO:0046856,GO:1901615,Direct,,GO:0046856,GO:1901615,0.519826339,FALSE,Direct,,52,,70,,Direct
4357,1129061,GO:0046856,GO:0071322,Direct,,GO:0046856,GO:0071322,0.316510454,FALSE,Direct,,52,,48,,Direct
4358,1129415,GO:0007584,GO:0009743,Direct,,GO:0007584,GO:0009743,0.536928488,FALSE,Direct,,51,,49,,Direct
4359,1129407,GO:0007584,GO:0010182,Direct,,GO:0007584,GO:0010182,0.592783505,FALSE,Direct,,51,,47,,Direct
4360,1129389,GO:0007584,GO:0046838,Direct,,GO:0007584,GO:0046838,0.565137615,FALSE,Direct,,51,,55,,Direct
4361,1129360,GO:0007584,GO:0046164,Direct,,GO:0007584,GO:0046164,0.565137615,FALSE,Direct,,51,,60,,Direct
4362,1129343,GO:0007584,GO:0046839,Direct,,GO:0007584,GO:0046839,0.491961415,FALSE,Direct,,51,,127,,Direct
4363,1129337,GO:0007584,GO:0071545,Direct,,GO:0007584,GO:0071545,0.565137615,FALSE,Direct,,51,,54,,Direct
4364,1129170,GO:0007584,GO:0009756,Direct,,GO:0007584,GO:0009756,0.592783505,FALSE,Direct,,51,,122,,Direct
4365,1129149,GO:0007584,GO:0046856,Direct,,GO:0007584,GO:0046856,0.491961415,FALSE,Direct,,51,,52,,Direct
4366,1129128,GO:0007584,GO:0043647,Direct,,GO:0007584,GO:0043647,0.565137615,FALSE,Direct,,51,,59,,Direct
4367,1129068,GO:0007584,GO:0071322,Direct,,GO:0007584,GO:0071322,0.592783505,FALSE,Direct,,51,,48,,Direct
4368,1128984,GO:0007584,GO:0046174,Direct,,GO:0007584,GO:0046174,0.565137615,FALSE,Direct,,51,,57,,Direct
4369,1128960,GO:0007584,GO:0046855,Direct,,GO:0007584,GO:0046855,0.565137615,FALSE,Direct,,51,,53,,Direct
4370,1128937,GO:0007584,GO:0009846,Direct,,GO:0007584,GO:0009846,0.43490701,FALSE,Direct,,51,,129,,Direct
4371,1128890,GO:0007584,GO:0030258,Direct,,GO:0007584,GO:0030258,0.389175258,FALSE,Direct,,51,,58,,Direct
4372,1128747,GO:0007584,GO:0046434,Direct,,GO:0007584,GO:0046434,0.351699883,FALSE,Direct,,51,,56,,Direct
4373,1128732,GO:0007584,GO:0009593,Direct,,GO:0007584,GO:0009593,0.324786325,FALSE,Direct,,51,,50,,Direct
4374,1128734,GO:0009593,GO:0009743,Direct,,GO:0009593,GO:0009743,0.351699883,FALSE,Direct,,50,,49,,Direct
4375,1128733,GO:0009593,ath04016,Direct,,GO:0009593,ath04016,0.351699883,FALSE,Direct,,50,,83,,Direct
4376,1128731,GO:0009593,GO:0010182,Direct,,GO:0009593,GO:0010182,0.389175258,FALSE,Direct,,50,,47,,Direct
4377,1128730,GO:0009593,GO:0010105,Direct,,GO:0009593,GO:0010105,0.324786325,FALSE,Direct,,50,,85,,Direct
4378,1128729,GO:0009593,GO:0070298,Direct,,GO:0009593,GO:0070298,0.324786325,FALSE,Direct,,50,,86,,Direct
4379,1128728,GO:0009593,GO:1902532,Direct,,GO:0009593,GO:1902532,0.324786325,FALSE,Direct,,50,,89,,Direct
4380,1128727,GO:0009593,GO:0009756,Direct,,GO:0009593,GO:0009756,0.389175258,FALSE,Direct,,50,,122,,Direct
4381,1128726,GO:0009593,GO:0070297,Direct,,GO:0009593,GO:0070297,0.324786325,FALSE,Direct,,50,,88,,Direct
4382,1128725,GO:0009593,GO:0071322,Direct,,GO:0009593,GO:0071322,0.389175258,FALSE,Direct,,50,,48,,Direct
4383,1128724,GO:0009593,GO:0010104,Direct,,GO:0009593,GO:0010104,0.324786325,FALSE,Direct,,50,,87,,Direct
4384,1129408,GO:0009743,GO:0010182,Direct,,GO:0009743,GO:0010182,0.931164682,FALSE,Direct,,49,,47,,Direct
4385,1129390,GO:0009743,GO:0046838,Direct,,GO:0009743,GO:0046838,0.317985612,FALSE,Direct,,49,,55,,Direct
4386,1129361,GO:0009743,GO:0046164,Direct,,GO:0009743,GO:0046164,0.317985612,FALSE,Direct,,49,,60,,Direct
4387,1129338,GO:0009743,GO:0071545,Direct,,GO:0009743,GO:0071545,0.317985612,FALSE,Direct,,49,,54,,Direct
4388,1129171,GO:0009743,GO:0009756,Direct,,GO:0009743,GO:0009756,0.931164682,FALSE,Direct,,49,,122,,Direct
4389,1129129,GO:0009743,GO:0043647,Direct,,GO:0009743,GO:0043647,0.317985612,FALSE,Direct,,49,,59,,Direct
4390,1129069,GO:0009743,GO:0071322,Direct,,GO:0009743,GO:0071322,0.931164682,FALSE,Direct,,49,,48,,Direct
4391,1128985,GO:0009743,GO:0046174,Direct,,GO:0009743,GO:0046174,0.317985612,FALSE,Direct,,49,,57,,Direct
4392,1128961,GO:0009743,GO:0046855,Direct,,GO:0009743,GO:0046855,0.317985612,FALSE,Direct,,49,,53,,Direct
4393,1129063,GO:0071322,GO:0071545,Direct,,GO:0071322,GO:0071545,0.349666797,FALSE,Direct,,48,,54,,Direct
4394,1129388,GO:0010182,GO:0046838,Direct,,GO:0010182,GO:0046838,0.349666797,FALSE,Direct,,47,,55,,Direct
4395,1129359,GO:0010182,GO:0046164,Direct,,GO:0010182,GO:0046164,0.349666797,FALSE,Direct,,47,,60,,Direct
4396,1129342,GO:0010182,GO:0046839,Direct,,GO:0010182,GO:0046839,0.316510454,FALSE,Direct,,47,,127,,Direct
4397,1129336,GO:0010182,GO:0071545,Direct,,GO:0010182,GO:0071545,0.349666797,FALSE,Direct,,47,,54,,Direct
4398,1129148,GO:0010182,GO:0046856,Direct,,GO:0010182,GO:0046856,0.316510454,FALSE,Direct,,47,,52,,Direct
4399,1129127,GO:0010182,GO:0043647,Direct,,GO:0010182,GO:0043647,0.349666797,FALSE,Direct,,47,,59,,Direct
4400,1129067,GO:0010182,GO:0071322,Direct,,GO:0010182,GO:0071322,1,FALSE,Direct,,47,,48,,Direct
4401,1128983,GO:0010182,GO:0046174,Direct,,GO:0010182,GO:0046174,0.349666797,FALSE,Direct,,47,,57,,Direct
4402,1128959,GO:0010182,GO:0046855,Direct,,GO:0010182,GO:0046855,0.349666797,FALSE,Direct,,47,,53,,Direct
4403,1129400,GO:0006487,ath00510,Direct,,GO:0006487,ath00510,0.855045872,FALSE,Direct,,46,,45,,Direct
4404,1129399,GO:0006487,ath04141,Direct,,GO:0006487,ath04141,0.339163498,FALSE,Direct,,46,,120,,Direct
4405,1129283,GO:0006487,ath_M00072,Direct,,GO:0006487,ath_M00072,0.855045872,FALSE,Direct,,46,,44,,Direct
4406,1129106,GO:0006487,M00072,Direct,,GO:0006487,M00072,0.855045872,FALSE,Direct,,46,,43,,Direct
4407,1129406,ath00510,ath04141,Direct,,ath00510,ath04141,0.429465575,FALSE,Direct,,45,,120,,Direct
4408,1129285,ath00510,ath_M00072,Direct,,ath00510,ath_M00072,1,FALSE,Direct,,45,,44,,Direct
4409,1129108,M00072,ath00510,Direct,,M00072,ath00510,1,FALSE,Direct,,43,,45,,Direct
4410,1129107,M00072,ath04141,Direct,,M00072,ath04141,0.429465575,FALSE,Direct,,43,,120,,Direct
4411,1129105,M00072,ath_M00072,Direct,,M00072,ath_M00072,1,FALSE,Direct,,43,,44,,Direct
4412,1128770,GO:0061024,GO:0097035,Direct,,GO:0061024,GO:0097035,0.706319703,FALSE,Direct,,42,,36,,Direct
4413,1129418,GO:0015748,GO:0045332,Direct,,GO:0015748,GO:0045332,1,FALSE,Direct,,41,,128,,Direct
4414,1129411,GO:0015748,GO:0048194,Direct,,GO:0015748,GO:0048194,0.795689655,FALSE,Direct,,41,,38,,Direct
4415,1129387,GO:0015748,GO:0097035,Direct,,GO:0015748,GO:0097035,1,FALSE,Direct,,41,,36,,Direct
4416,1129348,GO:0015748,GO:0015914,Direct,,GO:0015748,GO:0015914,1,FALSE,Direct,,41,,37,,Direct
4417,1129183,GO:0015748,GO:0034204,Direct,,GO:0015748,GO:0034204,1,FALSE,Direct,,41,,35,,Direct
4418,1129075,GO:0015748,GO:0016050,Direct,,GO:0015748,GO:0016050,0.658255227,FALSE,Direct,,41,,39,,Direct
4419,1129049,GO:0015748,GO:0016192,Direct,,GO:0015748,GO:0016192,0.360390284,FALSE,Direct,,41,,40,,Direct
4420,1128773,GO:0015748,GO:0061024,Direct,,GO:0015748,GO:0061024,0.706319703,FALSE,Direct,,41,,42,,Direct
4421,1129048,GO:0016192,GO:0045332,Direct,,GO:0016192,GO:0045332,0.360390284,FALSE,Direct,,40,,128,,Direct
4422,1129047,GO:0016192,GO:0048194,Direct,,GO:0016192,GO:0048194,0.458791779,FALSE,Direct,,40,,38,,Direct
4423,1129046,GO:0016192,GO:0097035,Direct,,GO:0016192,GO:0097035,0.360390284,FALSE,Direct,,40,,36,,Direct
4424,1129044,GO:0016192,GO:0034204,Direct,,GO:0016192,GO:0034204,0.360390284,FALSE,Direct,,40,,35,,Direct
4425,1128766,GO:0016192,GO:0061024,Direct,,GO:0016192,GO:0061024,0.537519957,FALSE,Direct,,40,,42,,Direct
4426,1129074,GO:0016050,GO:0045332,Direct,,GO:0016050,GO:0045332,0.658255227,FALSE,Direct,,39,,128,,Direct
4427,1129073,GO:0016050,GO:0048194,Direct,,GO:0016050,GO:0048194,0.829127614,FALSE,Direct,,39,,38,,Direct
4428,1129072,GO:0016050,GO:0097035,Direct,,GO:0016050,GO:0097035,0.658255227,FALSE,Direct,,39,,36,,Direct
4429,1129070,GO:0016050,GO:0034204,Direct,,GO:0016050,GO:0034204,0.658255227,FALSE,Direct,,39,,35,,Direct
4430,1129043,GO:0016050,GO:0016192,Direct,,GO:0016050,GO:0016192,0.591926535,FALSE,Direct,,39,,40,,Direct
4431,1128767,GO:0016050,GO:0061024,Direct,,GO:0016050,GO:0061024,0.870703764,FALSE,Direct,,39,,42,,Direct
4432,1129385,GO:0048194,GO:0097035,Direct,,GO:0048194,GO:0097035,0.795689655,FALSE,Direct,,38,,36,,Direct
4433,1128771,GO:0048194,GO:0061024,Direct,,GO:0048194,GO:0061024,0.706319703,FALSE,Direct,,38,,42,,Direct
4434,1129347,GO:0015914,GO:0045332,Direct,,GO:0015914,GO:0045332,1,FALSE,Direct,,37,,128,,Direct
4435,1129346,GO:0015914,GO:0048194,Direct,,GO:0015914,GO:0048194,0.795689655,FALSE,Direct,,37,,38,,Direct
4436,1129345,GO:0015914,GO:0097035,Direct,,GO:0015914,GO:0097035,1,FALSE,Direct,,37,,36,,Direct
4437,1129179,GO:0015914,GO:0034204,Direct,,GO:0015914,GO:0034204,1,FALSE,Direct,,37,,35,,Direct
4438,1129071,GO:0015914,GO:0016050,Direct,,GO:0015914,GO:0016050,0.658255227,FALSE,Direct,,37,,39,,Direct
4439,1129045,GO:0015914,GO:0016192,Direct,,GO:0015914,GO:0016192,0.360390284,FALSE,Direct,,37,,40,,Direct
4440,1128769,GO:0015914,GO:0061024,Direct,,GO:0015914,GO:0061024,0.706319703,FALSE,Direct,,37,,42,,Direct
4441,1129182,GO:0034204,GO:0045332,Direct,,GO:0034204,GO:0045332,1,FALSE,Direct,,35,,128,,Direct
4442,1129181,GO:0034204,GO:0048194,Direct,,GO:0034204,GO:0048194,0.795689655,FALSE,Direct,,35,,38,,Direct
4443,1129180,GO:0034204,GO:0097035,Direct,,GO:0034204,GO:0097035,1,FALSE,Direct,,35,,36,,Direct
4444,1128768,GO:0034204,GO:0061024,Direct,,GO:0034204,GO:0061024,0.706319703,FALSE,Direct,,35,,42,,Direct
4445,1128765,GO:0006900,GO:0015748,Direct,,GO:0006900,GO:0015748,0.658255227,FALSE,Direct,,34,,41,,Direct
4446,1128764,GO:0006900,GO:0045332,Direct,,GO:0006900,GO:0045332,0.658255227,FALSE,Direct,,34,,128,,Direct
4447,1128763,GO:0006900,GO:0048194,Direct,,GO:0006900,GO:0048194,0.829127614,FALSE,Direct,,34,,38,,Direct
4448,1128762,GO:0006900,GO:0097035,Direct,,GO:0006900,GO:0097035,0.658255227,FALSE,Direct,,34,,36,,Direct
4449,1128761,GO:0006900,GO:0015914,Direct,,GO:0006900,GO:0015914,0.658255227,FALSE,Direct,,34,,37,,Direct
4450,1128760,GO:0006900,GO:0034204,Direct,,GO:0006900,GO:0034204,0.658255227,FALSE,Direct,,34,,35,,Direct
4451,1128759,GO:0006900,GO:0016050,Direct,,GO:0006900,GO:0016050,1,FALSE,Direct,,34,,39,,Direct
4452,1128758,GO:0006900,GO:0016192,Direct,,GO:0006900,GO:0016192,0.591926535,FALSE,Direct,,34,,40,,Direct
4453,1128757,GO:0006900,GO:0061024,Direct,,GO:0006900,GO:0061024,0.870703764,FALSE,Direct,,34,,42,,Direct
4454,1129005,GO:0006289,GO:0006974,Direct,,GO:0006289,GO:0006974,0.300884956,FALSE,Direct,,33,,28,,Direct
4455,1129004,GO:0006289,ath03430,Direct,,GO:0006289,ath03430,0.324786325,FALSE,Direct,,33,,32,,Direct
4456,1129003,GO:0006289,ath03420,Direct,,GO:0006289,ath03420,0.660944206,FALSE,Direct,,33,,30,,Direct
4457,1128916,GO:0006260,GO:0006310,Direct,,GO:0006260,GO:0006310,0.558385093,FALSE,Direct,,31,,111,,Direct
4458,1128914,GO:0006260,GO:0006974,Direct,,GO:0006260,GO:0006974,0.410560551,FALSE,Direct,,31,,28,,Direct
4459,1128911,GO:0006260,GO:0071103,Direct,,GO:0006260,GO:0071103,0.411180124,FALSE,Direct,,31,,107,,Direct
4460,1128910,GO:0006260,ath03430,Direct,,GO:0006260,ath03430,0.592783505,FALSE,Direct,,31,,32,,Direct
4461,1128909,GO:0006260,ath03420,Direct,,GO:0006260,ath03420,0.446446446,FALSE,Direct,,31,,30,,Direct
4462,1128908,GO:0006260,GO:0006281,Direct,,GO:0006260,GO:0006281,0.431654676,FALSE,Direct,,31,,29,,Direct
4463,1128855,GO:0006260,GO:0006302,Direct,,GO:0006260,GO:0006302,0.316510454,FALSE,Direct,,31,,113,,Direct
4464,1129087,ath03420,ath03430,Direct,,ath03420,ath03430,0.660944206,FALSE,Direct,,30,,32,,Direct
4465,1128972,GO:0006281,GO:0006310,Direct,,GO:0006281,GO:0006310,0.621103118,FALSE,Direct,,29,,111,,Direct
4466,1128970,GO:0006281,GO:0006974,Direct,,GO:0006281,GO:0006974,0.965487112,FALSE,Direct,,29,,28,,Direct
4467,1128967,GO:0006281,GO:0071103,Direct,,GO:0006281,GO:0071103,0.336930456,FALSE,Direct,,29,,107,,Direct
4468,1128966,GO:0006281,GO:0051276,Direct,,GO:0006281,GO:0051276,0.316017316,FALSE,Direct,,29,,124,,Direct
4469,1128965,GO:0006281,ath03430,Direct,,GO:0006281,ath03430,0.318965517,FALSE,Direct,,29,,32,,Direct
4470,1128964,GO:0006281,ath03420,Direct,,GO:0006281,ath03420,0.555347092,FALSE,Direct,,29,,30,,Direct
4471,1128963,GO:0006281,GO:0006289,Direct,,GO:0006281,GO:0006289,0.318965517,FALSE,Direct,,29,,33,,Direct
4472,1128856,GO:0006281,GO:0006302,Direct,,GO:0006281,GO:0006302,0.483660131,FALSE,Direct,,29,,113,,Direct
4473,1129259,GO:0006974,GO:0071103,Direct,,GO:0006974,GO:0071103,0.319877559,FALSE,Direct,,28,,107,,Direct
4474,1129203,GO:0006974,GO:0051276,Direct,,GO:0006974,GO:0051276,0.303514753,FALSE,Direct,,28,,124,,Direct
4475,1129163,GO:0006974,ath03430,Direct,,GO:0006974,ath03430,0.300884956,FALSE,Direct,,28,,32,,Direct
4476,1129088,GO:0006974,ath03420,Direct,,GO:0006974,ath03420,0.528076464,FALSE,Direct,,28,,30,,Direct
4477,1129239,GO:0048523,GO:0070298,Direct,,GO:0048523,GO:0070298,0.339163498,FALSE,Direct,,27,,86,,Direct
4478,1129210,GO:0048523,GO:0051276,Direct,,GO:0048523,GO:0051276,0.387446154,FALSE,Direct,,27,,124,,Direct
4479,1129178,GO:0048523,GO:1902532,Direct,,GO:0048523,GO:1902532,0.339163498,FALSE,Direct,,27,,89,,Direct
4480,1129162,GO:0048523,GO:0070297,Direct,,GO:0048523,GO:0070297,0.339163498,FALSE,Direct,,27,,88,,Direct
4481,1129321,GO:0016458,GO:0048523,Direct,,GO:0016458,GO:0048523,0.561760355,FALSE,Direct,,26,,27,,Direct
4482,1129320,GO:0016458,GO:0045814,Direct,,GO:0016458,GO:0045814,0.817176652,FALSE,Direct,,26,,24,,Direct
4483,1129270,GO:0016458,GO:0044728,Direct,,GO:0016458,GO:0044728,0.354575163,FALSE,Direct,,26,,76,,Direct
4484,1129202,GO:0016458,GO:0051276,Direct,,GO:0016458,GO:0051276,0.388262464,FALSE,Direct,,26,,124,,Direct
4485,1128895,GO:0016458,GO:0040029,Direct,,GO:0016458,GO:0040029,0.791189427,FALSE,Direct,,26,,25,,Direct
4486,1128899,GO:0040029,GO:0048523,Direct,,GO:0040029,GO:0048523,0.561760355,FALSE,Direct,,25,,27,,Direct
4487,1128897,GO:0040029,GO:0045814,Direct,,GO:0040029,GO:0045814,0.817176652,FALSE,Direct,,25,,24,,Direct
4488,1128893,GO:0040029,GO:0044728,Direct,,GO:0040029,GO:0044728,0.483660131,FALSE,Direct,,25,,76,,Direct
4489,1128892,GO:0040029,GO:0051276,Direct,,GO:0040029,GO:0051276,0.517049314,FALSE,Direct,,25,,124,,Direct
4490,1129409,GO:0045814,GO:0048523,Direct,,GO:0045814,GO:0048523,0.653001464,FALSE,Direct,,24,,27,,Direct
4491,1129207,GO:0045814,GO:0051276,Direct,,GO:0045814,GO:0051276,0.441367118,FALSE,Direct,,24,,124,,Direct
4492,1129318,GO:0006342,GO:0048523,Direct,,GO:0006342,GO:0048523,0.653001464,FALSE,Direct,,23,,27,,Direct
4493,1129317,GO:0006342,GO:0045814,Direct,,GO:0006342,GO:0045814,1,FALSE,Direct,,23,,24,,Direct
4494,1129315,GO:0006342,GO:0016458,Direct,,GO:0006342,GO:0016458,0.817176652,FALSE,Direct,,23,,26,,Direct
4495,1129269,GO:0006342,GO:0044728,Direct,,GO:0006342,GO:0044728,0.446446446,FALSE,Direct,,23,,76,,Direct
4496,1129201,GO:0006342,GO:0051276,Direct,,GO:0006342,GO:0051276,0.441367118,FALSE,Direct,,23,,124,,Direct
4497,1128894,GO:0006342,GO:0040029,Direct,,GO:0006342,GO:0040029,0.817176652,FALSE,Direct,,23,,25,,Direct
4498,1129404,GO:0006325,GO:0048523,Direct,,GO:0006325,GO:0048523,0.397457627,FALSE,Direct,,22,,27,,Direct
4499,1129402,GO:0006325,GO:0045814,Direct,,GO:0006325,GO:0045814,0.540454786,FALSE,Direct,,22,,24,,Direct
4500,1129382,GO:0006325,GO:0006333,Direct,,GO:0006325,GO:0006333,0.415480933,FALSE,Direct,,22,,108,,Direct
4501,1129378,GO:0006325,GO:0006334,Direct,,GO:0006325,GO:0006334,0.34556213,FALSE,Direct,,22,,110,,Direct
4502,1129366,GO:0006325,GO:0044764,Direct,,GO:0006325,GO:0044764,0.325554923,FALSE,Direct,,22,,72,,Direct
4503,1129319,GO:0006325,GO:0016458,Direct,,GO:0006325,GO:0016458,0.471319312,FALSE,Direct,,22,,26,,Direct
4504,1129316,GO:0006325,GO:0006342,Direct,,GO:0006325,GO:0006342,0.540454786,FALSE,Direct,,22,,23,,Direct
4505,1129291,GO:0006325,GO:0031497,Direct,,GO:0006325,GO:0031497,0.415480933,FALSE,Direct,,22,,123,,Direct
4506,1129272,GO:0006325,GO:0044728,Direct,,GO:0006325,GO:0044728,0.480263158,FALSE,Direct,,22,,76,,Direct
4507,1129263,GO:0006325,GO:0071103,Direct,,GO:0006325,GO:0071103,0.373347435,FALSE,Direct,,22,,107,,Direct
4508,1129253,GO:0006325,GO:0034728,Direct,,GO:0006325,GO:0034728,0.34556213,FALSE,Direct,,22,,112,,Direct
4509,1129205,GO:0006325,GO:0051276,Direct,,GO:0006325,GO:0051276,0.866689166,FALSE,Direct,,22,,124,,Direct
4510,1128896,GO:0006325,GO:0040029,Direct,,GO:0006325,GO:0040029,0.622370937,FALSE,Direct,,22,,25,,Direct
4511,1128803,GO:0006325,GO:0009294,Direct,,GO:0006325,GO:0009294,0.325554923,FALSE,Direct,,22,,71,,Direct
4512,1128784,GO:0006325,GO:0009292,Direct,,GO:0006325,GO:0009292,0.325554923,FALSE,Direct,,22,,125,,Direct
4513,1129097,GO:0071824,ath03050,Direct,,GO:0071824,ath03050,0.330217391,FALSE,Direct,,21,,119,,Direct
4514,1129024,GO:0071824,GO:2000142,Direct,,GO:0071824,GO:2000142,0.751520235,FALSE,Direct,,21,,17,,Direct
4515,1128814,GO:0071824,GO:2000144,Direct,,GO:0071824,GO:2000144,0.751520235,FALSE,Direct,,21,,16,,Direct
4516,1129267,GO:0051123,GO:0071824,Direct,,GO:0051123,GO:0071824,0.751520235,FALSE,Direct,,20,,21,,Direct
4517,1129093,GO:0051123,ath03050,Direct,,GO:0051123,ath03050,0.400722456,FALSE,Direct,,20,,119,,Direct
4518,1129084,GO:0051123,GO:0060261,Direct,,GO:0051123,GO:0060261,1,FALSE,Direct,,20,,15,,Direct
4519,1129079,GO:0051123,GO:0060260,Direct,,GO:0051123,GO:0060260,1,FALSE,Direct,,20,,14,,Direct
4520,1129023,GO:0051123,GO:2000142,Direct,,GO:0051123,GO:2000142,1,FALSE,Direct,,20,,17,,Direct
4521,1128994,GO:0051123,GO:0065004,Direct,,GO:0051123,GO:0065004,0.751520235,FALSE,Direct,,20,,18,,Direct
4522,1128813,GO:0051123,GO:2000144,Direct,,GO:0051123,GO:2000144,1,FALSE,Direct,,20,,16,,Direct
4523,1129417,GO:0030433,GO:0044265,Direct,,GO:0030433,GO:0044265,0.309261658,FALSE,Direct,,19,,7,,Direct
4524,1129398,GO:0030433,GO:0071824,Direct,,GO:0030433,GO:0071824,0.680408399,FALSE,Direct,,19,,21,,Direct
4525,1129372,GO:0030433,GO:0044257,Direct,,GO:0030433,GO:0044257,0.316440049,FALSE,Direct,,19,,6,,Direct
4526,1129352,GO:0030433,GO:0043632,Direct,,GO:0030433,GO:0043632,0.316440049,FALSE,Direct,,19,,2,,Direct
4527,1129268,GO:0030433,GO:0051123,Direct,,GO:0030433,GO:0051123,0.884559182,FALSE,Direct,,19,,20,,Direct
4528,1129235,GO:0030433,GO:0043161,Direct,,GO:0030433,GO:0043161,0.526709935,FALSE,Direct,,19,,9,,Direct
4529,1129194,GO:0030433,GO:0051603,Direct,,GO:0030433,GO:0051603,0.316440049,FALSE,Direct,,19,,5,,Direct
4530,1129099,GO:0030433,ath03050,Direct,,GO:0030433,ath03050,0.37077225,FALSE,Direct,,19,,119,,Direct
4531,1129086,GO:0030433,GO:0060261,Direct,,GO:0030433,GO:0060261,0.884559182,FALSE,Direct,,19,,15,,Direct
4532,1129081,GO:0030433,GO:0060260,Direct,,GO:0030433,GO:0060260,0.884559182,FALSE,Direct,,19,,14,,Direct
4533,1129025,GO:0030433,GO:2000142,Direct,,GO:0030433,GO:2000142,0.884559182,FALSE,Direct,,19,,17,,Direct
4534,1129002,GO:0030433,GO:0065004,Direct,,GO:0030433,GO:0065004,0.680408399,FALSE,Direct,,19,,18,,Direct
4535,1128947,GO:0030433,GO:0045899,Direct,,GO:0030433,GO:0045899,0.884559182,FALSE,Direct,,19,,13,,Direct
4536,1128926,GO:0030433,GO:0045898,Direct,,GO:0030433,GO:0045898,0.884559182,FALSE,Direct,,19,,130,,Direct
4537,1128815,GO:0030433,GO:2000144,Direct,,GO:0030433,GO:2000144,0.884559182,FALSE,Direct,,19,,16,,Direct
4538,1129000,GO:0065004,GO:0071824,Direct,,GO:0065004,GO:0071824,1,FALSE,Direct,,18,,21,,Direct
4539,1128993,GO:0065004,GO:0071103,Direct,,GO:0065004,GO:0071103,0.376042124,FALSE,Direct,,18,,107,,Direct
4540,1128990,GO:0065004,ath03050,Direct,,GO:0065004,ath03050,0.330217391,FALSE,Direct,,18,,119,,Direct
4541,1128987,GO:0065004,GO:2000142,Direct,,GO:0065004,GO:2000142,0.751520235,FALSE,Direct,,18,,17,,Direct
4542,1128807,GO:0065004,GO:2000144,Direct,,GO:0065004,GO:2000144,0.751520235,FALSE,Direct,,18,,16,,Direct
4543,1129021,GO:2000142,ath03050,Direct,,GO:2000142,ath03050,0.400722456,FALSE,Direct,,17,,119,,Direct
4544,1128808,GO:2000142,GO:2000144,Direct,,GO:2000142,GO:2000144,1,FALSE,Direct,,17,,16,,Direct
4545,1128811,GO:2000144,ath03050,Direct,,GO:2000144,ath03050,0.400722456,FALSE,Direct,,16,,119,,Direct
4546,1129085,GO:0060261,GO:0071824,Direct,,GO:0060261,GO:0071824,0.751520235,FALSE,Direct,,15,,21,,Direct
4547,1129082,GO:0060261,ath03050,Direct,,GO:0060261,ath03050,0.400722456,FALSE,Direct,,15,,119,,Direct
4548,1129020,GO:0060261,GO:2000142,Direct,,GO:0060261,GO:2000142,1,FALSE,Direct,,15,,17,,Direct
4549,1128989,GO:0060261,GO:0065004,Direct,,GO:0060261,GO:0065004,0.751520235,FALSE,Direct,,15,,18,,Direct
4550,1128810,GO:0060261,GO:2000144,Direct,,GO:0060261,GO:2000144,1,FALSE,Direct,,15,,16,,Direct
4551,1129080,GO:0060260,GO:0071824,Direct,,GO:0060260,GO:0071824,0.751520235,FALSE,Direct,,14,,21,,Direct
4552,1129077,GO:0060260,ath03050,Direct,,GO:0060260,ath03050,0.400722456,FALSE,Direct,,14,,119,,Direct
4553,1129076,GO:0060260,GO:0060261,Direct,,GO:0060260,GO:0060261,1,FALSE,Direct,,14,,15,,Direct
4554,1129019,GO:0060260,GO:2000142,Direct,,GO:0060260,GO:2000142,1,FALSE,Direct,,14,,17,,Direct
4555,1128988,GO:0060260,GO:0065004,Direct,,GO:0060260,GO:0065004,0.751520235,FALSE,Direct,,14,,18,,Direct
4556,1128809,GO:0060260,GO:2000144,Direct,,GO:0060260,GO:2000144,1,FALSE,Direct,,14,,16,,Direct
4557,1128946,GO:0045899,GO:0071824,Direct,,GO:0045899,GO:0071824,0.751520235,FALSE,Direct,,13,,21,,Direct
4558,1128945,GO:0045899,GO:0051123,Direct,,GO:0045899,GO:0051123,1,FALSE,Direct,,13,,20,,Direct
4559,1128943,GO:0045899,ath03050,Direct,,GO:0045899,ath03050,0.400722456,FALSE,Direct,,13,,119,,Direct
4560,1128942,GO:0045899,GO:0060261,Direct,,GO:0045899,GO:0060261,1,FALSE,Direct,,13,,15,,Direct
4561,1128941,GO:0045899,GO:0060260,Direct,,GO:0045899,GO:0060260,1,FALSE,Direct,,13,,14,,Direct
4562,1128940,GO:0045899,GO:2000142,Direct,,GO:0045899,GO:2000142,1,FALSE,Direct,,13,,17,,Direct
4563,1128939,GO:0045899,GO:0065004,Direct,,GO:0045899,GO:0065004,0.751520235,FALSE,Direct,,13,,18,,Direct
4564,1128806,GO:0045899,GO:2000144,Direct,,GO:0045899,GO:2000144,1,FALSE,Direct,,13,,16,,Direct
4565,1129370,GO:0006970,GO:0046686,Direct,,GO:0006970,GO:0046686,0.326182476,FALSE,Direct,,12,,10,,Direct
4566,1129296,GO:0006970,GO:0009651,Direct,,GO:0006970,GO:0009651,0.973301791,FALSE,Direct,,12,,11,,Direct
4567,1129017,GO:0006970,GO:0010038,Direct,,GO:0006970,GO:0010038,0.321888412,FALSE,Direct,,12,,132,,Direct
4568,1129297,GO:0009651,GO:0046686,Direct,,GO:0009651,GO:0046686,0.336947019,FALSE,Direct,,11,,10,,Direct
4569,1129016,GO:0009651,GO:0010038,Direct,,GO:0009651,GO:0010038,0.332286887,FALSE,Direct,,11,,132,,Direct
4570,1129234,GO:0043161,GO:0044265,Direct,,GO:0043161,GO:0044265,0.67693566,FALSE,Direct,,9,,7,,Direct
4571,1129233,GO:0043161,GO:0071824,Direct,,GO:0043161,GO:0071824,0.363721256,FALSE,Direct,,9,,21,,Direct
4572,1129232,GO:0043161,GO:0044257,Direct,,GO:0043161,GO:0044257,0.6891696,FALSE,Direct,,9,,6,,Direct
4573,1129230,GO:0043161,GO:0043632,Direct,,GO:0043161,GO:0043632,0.6891696,FALSE,Direct,,9,,2,,Direct
4574,1129229,GO:0043161,GO:0051123,Direct,,GO:0043161,GO:0051123,0.44176917,FALSE,Direct,,9,,20,,Direct
4575,1129189,GO:0043161,GO:0051603,Direct,,GO:0043161,GO:0051603,0.6891696,FALSE,Direct,,9,,5,,Direct
4576,1129092,GO:0043161,ath03050,Direct,,GO:0043161,ath03050,0.69159365,FALSE,Direct,,9,,119,,Direct
4577,1129083,GO:0043161,GO:0060261,Direct,,GO:0043161,GO:0060261,0.44176917,FALSE,Direct,,9,,15,,Direct
4578,1129078,GO:0043161,GO:0060260,Direct,,GO:0043161,GO:0060260,0.44176917,FALSE,Direct,,9,,14,,Direct
4579,1129029,GO:0043161,GO:1901565,Direct,,GO:0043161,GO:1901565,0.653370562,FALSE,Direct,,9,,8,,Direct
4580,1129022,GO:0043161,GO:2000142,Direct,,GO:0043161,GO:2000142,0.44176917,FALSE,Direct,,9,,17,,Direct
4581,1128991,GO:0043161,GO:0065004,Direct,,GO:0043161,GO:0065004,0.363721256,FALSE,Direct,,9,,18,,Direct
4582,1128944,GO:0043161,GO:0045899,Direct,,GO:0043161,GO:0045899,0.44176917,FALSE,Direct,,9,,13,,Direct
4583,1128923,GO:0043161,GO:0045898,Direct,,GO:0043161,GO:0045898,0.44176917,FALSE,Direct,,9,,130,,Direct
4584,1128812,GO:0043161,GO:2000144,Direct,,GO:0043161,GO:2000144,0.44176917,FALSE,Direct,,9,,16,,Direct
4585,1129026,GO:1901565,ath03050,Direct,,GO:1901565,ath03050,0.678176528,FALSE,Direct,,8,,119,,Direct
4586,1129193,GO:0044265,GO:0051603,Direct,,GO:0044265,GO:0051603,0.986400413,FALSE,Direct,,7,,5,,Direct
4587,1129098,GO:0044265,ath03050,Direct,,GO:0044265,ath03050,0.701926259,FALSE,Direct,,7,,119,,Direct
4588,1129033,GO:0044265,GO:1901565,Direct,,GO:0044265,GO:1901565,0.946926436,FALSE,Direct,,7,,8,,Direct
4589,1129371,GO:0044257,GO:0044265,Direct,,GO:0044257,GO:0044265,0.986400413,FALSE,Direct,,6,,7,,Direct
4590,1129192,GO:0044257,GO:0051603,Direct,,GO:0044257,GO:0051603,1,FALSE,Direct,,6,,5,,Direct
4591,1129096,GO:0044257,ath03050,Direct,,GO:0044257,ath03050,0.714228296,FALSE,Direct,,6,,119,,Direct
4592,1129032,GO:0044257,GO:1901565,Direct,,GO:0044257,GO:1901565,0.959878111,FALSE,Direct,,6,,8,,Direct
4593,1129090,GO:0051603,ath03050,Direct,,GO:0051603,ath03050,0.714228296,FALSE,Direct,,5,,119,,Direct
4594,1129027,GO:0051603,GO:1901565,Direct,,GO:0051603,GO:1901565,0.959878111,FALSE,Direct,,5,,8,,Direct
4595,1129015,GO:0030163,GO:0030433,Direct,,GO:0030163,GO:0030433,0.309261658,FALSE,Direct,,4,,19,,Direct
4596,1129014,GO:0030163,GO:0044265,Direct,,GO:0030163,GO:0044265,0.973025267,FALSE,Direct,,4,,7,,Direct
4597,1129013,GO:0030163,GO:0044257,Direct,,GO:0030163,GO:0044257,0.986400413,FALSE,Direct,,4,,6,,Direct
4598,1129011,GO:0030163,GO:0043632,Direct,,GO:0030163,GO:0043632,0.986400413,FALSE,Direct,,4,,2,,Direct
4599,1129010,GO:0030163,GO:0043161,Direct,,GO:0030163,GO:0043161,0.67693566,FALSE,Direct,,4,,9,,Direct
4600,1129008,GO:0030163,GO:0051603,Direct,,GO:0030163,GO:0051603,0.986400413,FALSE,Direct,,4,,5,,Direct
4601,1129007,GO:0030163,ath03050,Direct,,GO:0030163,ath03050,0.701926259,FALSE,Direct,,4,,119,,Direct
4602,1129006,GO:0030163,GO:1901565,Direct,,GO:0030163,GO:1901565,0.973463218,FALSE,Direct,,4,,8,,Direct
4603,1129216,GO:0006511,GO:0030433,Direct,,GO:0006511,GO:0030433,0.33159559,FALSE,Direct,,3,,19,,Direct
4604,1129215,GO:0006511,GO:0044265,Direct,,GO:0006511,GO:0044265,0.958510825,FALSE,Direct,,3,,7,,Direct
4605,1129214,GO:0006511,GO:0044257,Direct,,GO:0006511,GO:0044257,0.972094666,FALSE,Direct,,3,,6,,Direct
4606,1129213,GO:0006511,GO:0019941,Direct,,GO:0006511,GO:0019941,0.972094666,FALSE,Direct,,3,,1,,Direct
4607,1129212,GO:0006511,GO:0043632,Direct,,GO:0006511,GO:0043632,0.972094666,FALSE,Direct,,3,,2,,Direct
4608,1129211,GO:0006511,GO:0043161,Direct,,GO:0006511,GO:0043161,0.714599419,FALSE,Direct,,3,,9,,Direct
4609,1129188,GO:0006511,GO:0051603,Direct,,GO:0006511,GO:0051603,0.972094666,FALSE,Direct,,3,,5,,Direct
4610,1129091,GO:0006511,ath03050,Direct,,GO:0006511,ath03050,0.73973919,FALSE,Direct,,3,,119,,Direct
4611,1129028,GO:0006511,GO:1901565,Direct,,GO:0006511,GO:1901565,0.932048856,FALSE,Direct,,3,,8,,Direct
4612,1129009,GO:0006511,GO:0030163,Direct,,GO:0006511,GO:0030163,0.958510825,FALSE,Direct,,3,,4,,Direct
4613,1129351,GO:0043632,GO:0044265,Direct,,GO:0043632,GO:0044265,0.986400413,FALSE,Direct,,2,,7,,Direct
4614,1129350,GO:0043632,GO:0044257,Direct,,GO:0043632,GO:0044257,1,FALSE,Direct,,2,,6,,Direct
4615,1129190,GO:0043632,GO:0051603,Direct,,GO:0043632,GO:0051603,1,FALSE,Direct,,2,,5,,Direct
4616,1129094,GO:0043632,ath03050,Direct,,GO:0043632,ath03050,0.714228296,FALSE,Direct,,2,,119,,Direct
4617,1129030,GO:0043632,GO:1901565,Direct,,GO:0043632,GO:1901565,0.959878111,FALSE,Direct,,2,,8,,Direct
4618,1129365,GO:0019941,GO:0030433,Direct,,GO:0019941,GO:0030433,0.316440049,FALSE,Direct,,1,,19,,Direct
4619,1129364,GO:0019941,GO:0044265,Direct,,GO:0019941,GO:0044265,0.986400413,FALSE,Direct,,1,,7,,Direct
4620,1129363,GO:0019941,GO:0044257,Direct,,GO:0019941,GO:0044257,1,FALSE,Direct,,1,,6,,Direct
4621,1129349,GO:0019941,GO:0043632,Direct,,GO:0019941,GO:0043632,1,FALSE,Direct,,1,,2,,Direct
4622,1129231,GO:0019941,GO:0043161,Direct,,GO:0019941,GO:0043161,0.6891696,FALSE,Direct,,1,,9,,Direct
4623,1129191,GO:0019941,GO:0051603,Direct,,GO:0019941,GO:0051603,1,FALSE,Direct,,1,,5,,Direct
4624,1129095,GO:0019941,ath03050,Direct,,GO:0019941,ath03050,0.714228296,FALSE,Direct,,1,,119,,Direct
4625,1129031,GO:0019941,GO:1901565,Direct,,GO:0019941,GO:1901565,0.959878111,FALSE,Direct,,1,,8,,Direct
4626,1129012,GO:0019941,GO:0030163,Direct,,GO:0019941,GO:0030163,0.986400413,FALSE,Direct,,1,,4,,Direct
